time,position,velocity,acceleration,current,voltage
2,0,0,0,0,0
12,0,0,0,0,0
22,0,0,0,0,0
32,2,0,0,71,2094
42,4,0.128332,0.0128332,237,4392
52,4,11.3519,1.12235,622,6776
62,4,17.8288,0.64769,1567,7989
72,5,15.9276,-0.19012,1754,8093
82,5,14.8304,-0.109715,2452,7072
92,6,14.1973,-0.0633144,2666,7084
102,6,16.6513,0.245407,2716,7429
112,6,12.4287,-0.42227,2552,6302
122,7,9.99181,-0.243684,2517,6653
132,8,11.405,0.141319,2451,7250
142,8,15.04,0.363498,2477,6985
152,9,17.1377,0.209768,2534,6844
162,10,15.5287,-0.160892,2423,6868
172,10,14.6003,-0.0928477,2507,6332
182,12,14.0645,-0.0535808,2435,6628
192,13,14.6951,0.0630612,2457,7041
202,14,15.059,0.0363915,2442,7127
212,16,18.0884,0.302946,2405,7417
222,16,21.7163,0.362788,2479,6991
232,18,20.9905,-0.0725864,2465,6979
242,20,23.391,0.240057,2480,7460
252,20,23.7211,0.03301,2506,7490
262,22,24.018,0.0296834,2559,7835
272,24,24.2849,0.0266921,2503,7509
282,25,24.5249,0.0240022,2613,6973
292,27,25.4126,0.0887663,2575,7152
302,29,26.2108,0.0798209,2634,6819
312,30,26.9285,0.071777,2528,7096
322,32,28.1285,0.12,2501,7971
332,34,29.1037,0.0975166,2552,7989
342,36,29.8962,0.0792459,2646,6628
352,38,31.7892,0.189305,2414,6123
362,40,33.3276,0.153837,2588,7152
372,42,34.5777,0.125014,2645,7466
382,45,35.5936,0.101591,2576,7226
392,47,37.6683,0.207464,2413,7380
402,50,39.3542,0.168593,2597,7614
412,52,41.9733,0.261912,2672,7398
422,54,42.8527,0.0879341,2508,7293
432,57,43.5673,0.0714588,2530,7189
442,60,44.148,0.0580704,2495,7145
452,62,45.8689,0.172097,2524,7373
462,65,47.2675,0.139853,2487,7546
472,68,48.404,0.11365,2531,7571
482,71,49.3275,0.0923566,2482,7484
492,74,51.3271,0.199959,2519,7263
502,77,52.9521,0.162495,2483,7219
512,80,54.2726,0.13205,2503,7718
522,83,55.3456,0.107309,2483,7823
532,86,56.2177,0.0872037,2518,7201
542,90,56.9263,0.0708653,2437,7330
552,93,58.7513,0.182494,2489,7934
562,96,60.2343,0.148302,2552,7644
572,100,61.4395,0.120516,2448,7607
582,104,62.4188,0.0979366,2440,7675
592,107,64.4638,0.204493,2482,7897
602,110,66.1256,0.16618,2531,7466
612,114,66.2269,0.0101381,2438,7343
622,118,66.3093,0.00823867,2523,7614
632,122,67.6253,0.131601,2447,7620
642,126,69.9438,0.231851,2528,7484
652,130,71.828,0.188411,2395,7706
662,134,73.3591,0.153111,2541,7909
672,138,74.6033,0.124424,2446,7817
682,142,75.6144,0.101112,2495,7897
692,146,76.4361,0.0821677,2474,7466
702,150,77.1038,0.0667728,2494,7774
712,154,77.6465,0.0542623,2458,7946
722,159,78.0874,0.0440958,2458,8063
732,164,79.6948,0.16074,2496,8402
742,168,82.2501,0.25553,2523,8365
752,172,84.3267,0.207654,2632,8199
762,178,84.7651,0.0438421,2600,7897
772,182,86.3704,0.160534,2616,7996
782,187,87.675,0.130457,2594,8063
792,192,89.9842,0.230921,2528,8020
802,197,90.6117,0.0627492,2464,8180
812,202,92.3707,0.175899,2441,8100
822,207,93.8001,0.142942,2468,8106
832,212,94.9617,0.116161,2447,8173
842,217,95.9057,0.094397,2472,8162
852,222,96.6728,0.0767109,2509,8217
862,228,97.2962,0.0623384,2509,8396
872,233,99.0518,0.175565,2547,8568
882,238,100.479,0.142671,2573,8359
892,244,101.638,0.11594,2571,7805
902,250,102.58,0.0942179,2510,7577
912,256,104.595,0.201472,2484,8113
922,261,107.481,0.28863,2478,8236
932,266,108.578,0.109646,2440,8193
942,272,108.22,-0.0358031,2427,8581
952,278,107.929,-0.0290951,2509,8556
962,284,108.941,0.101262,2539,8131
972,290,111.013,0.207196,2482,8100
982,296,112.697,0.168376,2504,8501
992,303,114.065,0.136829,2513,8827
1002,309,116.426,0.236099,2502,8347
1012,316,118.345,0.191864,2436,8211
1022,322,121.153,0.280823,2494,8784
1032,328,122.186,0.103302,2542,8642
1042,334,123.026,0.0839471,2502,8501
1052,341,122.459,-0.0566874,2428,8698
1062,348,123.247,0.0788397,2502,8833
1072,354,125.137,0.188975,2520,8692
1082,361,126.673,0.153568,2446,8753
1092,368,127.921,0.124796,2512,8593
1102,374,128.935,0.101414,2494,8464
1112,382,129.759,0.0824134,2502,8864
1122,388,131.678,0.191879,2493,8796
1132,396,131.988,0.0310222,2524,8759
1142,402,134.738,0.275022,2473,8710
1152,410,134.475,-0.0263181,2504,8772
1162,417,136.759,0.228425,2503,8895
1172,424,137.366,0.0607214,2472,8950
1182,432,139.109,0.174251,2498,8839
1192,439,140.525,0.141603,2444,8833
1202,446,141.676,0.115073,2498,8907
1212,454,142.611,0.0935127,2469,8821
1222,462,143.371,0.0759923,2486,8790
1232,469,145.237,0.186661,2437,8963
1242,477,146.754,0.151688,2506,9000
1252,485,147.987,0.123268,2441,9129
1262,492,148.989,0.100172,2501,9203
1272,500,149.803,0.0814042,2470,9030
1282,508,150.464,0.0661524,2502,9117
1292,516,151.002,0.0537581,2492,8963
1302,524,152.688,0.168592,2505,8963
1312,533,154.058,0.137005,2480,9067
1322,541,156.42,0.236242,2486,8846
1332,550,158.34,0.19198,2478,9123
1342,558,161.149,0.280917,2461,9271
1352,566,162.183,0.103378,2506,9104
1362,574,163.023,0.0840094,2490,8969
1372,583,162.457,-0.0566368,2446,9221
1382,592,163.245,0.0788809,2516,9277
1392,600,165.135,0.189008,2490,9117
1402,609,166.671,0.153596,2473,9178
1412,618,167.92,0.124818,2451,9499
1422,626,168.934,0.101432,2524,9499
1432,636,169.758,0.0824279,2496,9394
1442,644,171.677,0.191891,2522,9209
1452,654,171.987,0.0310318,2504,9172
1462,663,174.738,0.27503,2519,9480
1472,672,175.724,0.0985945,2510,9511
1482,682,177.774,0.205028,2485,9585
1492,690,179.44,0.166614,2484,9542
1502,700,179.545,0.0104912,2485,9683
1512,710,180.879,0.133432,2529,9646
1522,719,181.964,0.108432,2522,9462
1532,728,184.094,0.213023,2540,9437
1542,738,184.576,0.0482046,2528,9252
1552,748,184.968,0.039173,2530,9147
1562,758,186.535,0.15674,2473,9449
1572,767,189.058,0.252279,2484,9443
1582,777,189.859,0.0801062,2465,9400
1592,787,190.51,0.0650976,2454,9517
1602,797,191.039,0.0529009,2473,9406
1612,807,192.718,0.167896,2494,9437
1622,817,194.082,0.136439,2470,9548
1632,828,195.191,0.110876,2493,9640
1642,838,197.341,0.215008,2500,9696
1652,848,199.088,0.174725,2473,9991
1662,858,200.508,0.141988,2538,9856
1672,868,200.413,-0.00952078,2503,9800
1682,879,200.336,-0.00773697,2508,9862
1692,890,201.522,0.118619,2492,9813
1702,900,203.735,0.221301,2513,9653
1712,911,205.533,0.179838,2440,9893
1722,922,206.995,0.146144,2490,9991
1732,932,208.182,0.118762,2467,10028
1742,944,209.147,0.096511,2512,9874
1752,954,211.181,0.203335,2481,9677
1762,966,211.584,0.0403321,2514,9893
1772,976,214.41,0.282588,2478,10084
1782,988,214.208,-0.02017,2519,10047
1792,998,216.542,0.233421,2480,9807
1802,1010,215.941,-0.0601247,2482,9979
1812,1021,217.951,0.200953,2531,10139
1822,1032,218.335,0.0383961,2493,9967
1832,1044,219.896,0.156108,2478,9973
1842,1056,221.164,0.12686,2459,10262
1852,1067,223.444,0.227998,2555,10022
1862,1078,225.297,0.18528,2463,9776
1872,1090,225.554,0.0256601,2482,10071
1882,1102,225.762,0.0208525,2519,10041
1892,1114,227.181,0.141852,2517,10219
1902,1126,229.583,0.240181,2481,10232
1912,1138,231.534,0.195181,2490,9961
1922,1149,233.12,0.158612,2502,10034
1932,1162,233.16,0.00398811,2462,10207
1942,1174,234.442,0.128147,2499,10312
1952,1186,235.483,0.104138,2460,10201
1962,1198,237.579,0.209533,2442,10164
1972,1210,238.032,0.0453685,2505,10170
1982,1222,238.401,0.0368683,2488,10306
1992,1234,238.701,0.0299607,2525,10306
2002,1247,238.944,0.0243473,2483,10540
2012,1260,240.391,0.144692,2569,10373
2022,1272,242.816,0.242489,2503,10152
2032,1285,244.786,0.197056,2522,10084
2042,1298,246.388,0.160136,2464,10336
2052,1310,247.689,0.130133,2518,10435
2062,1323,248.747,0.105751,2429,10435
2072,1336,249.606,0.0859378,2485,10521
2082,1349,250.304,0.0698365,2493,10299
2092,1362,252.121,0.181658,2515,10386
2102,1375,253.597,0.147623,2501,10379
2112,1388,254.797,0.119964,2489,10540
2122,1402,255.772,0.0974879,2500,10355
2132,1414,257.813,0.204129,2444,10410
2142,1428,258.223,0.0409772,2520,10466
2152,1441,259.805,0.158206,2463,10601
2162,1454,259.841,0.00365837,2553,10712
2172,1468,261.12,0.127879,2492,10564
2182,1482,262.159,0.10392,2555,10540
2192,1496,264.253,0.209356,2493,10552
2202,1509,267.203,0.295037,2541,10583
2212,1523,268.352,0.114853,2473,10718
2222,1536,269.285,0.0933342,2496,10460
2232,1550,268.795,-0.0490591,2453,10540
2242,1564,269.645,0.0850388,2486,10564
2252,1578,270.336,0.069106,2472,10657
2262,1592,272.147,0.181065,2502,10743
2272,1606,273.618,0.14714,2458,10804
2282,1620,274.814,0.119572,2538,10675
2292,1634,275.785,0.0971693,2489,10811
2302,1648,276.575,0.0789637,2559,10681
2312,1663,277.217,0.0641691,2476,10792
2322,1677,278.987,0.177053,2530,10589
2332,1692,280.426,0.14388,2446,10583
2342,1706,282.844,0.241829,2509,10835
2352,1720,283.561,0.071614,2446,10804
2362,1735,284.142,0.0581964,2546,10823
2372,1750,284.615,0.0472928,2468,10835
2382,1765,286.249,0.163338,2555,10829
2392,1780,288.825,0.257642,2520,10835
2402,1794,290.919,0.20937,2523,11014
2412,1809,291.371,0.0452363,2548,10983
2422,1824,291.739,0.0367609,2538,10823
2432,1839,292.038,0.0298734,2531,10940
2442,1854,293.529,0.149183,2517,10866
2452,1870,294.742,0.121232,2515,11032
2462,1884,296.976,0.223424,2494,10922
2472,1900,297.543,0.0566573,2474,10928
2482,1915,299.252,0.170948,2487,11094
2492,1930,299.392,0.0140133,2497,11230
2502,1946,300.755,0.136294,2564,10989
2512,1961,301.863,0.110758,2475,10952
2522,1976,302.763,0.0900065,2532,11082
2532,1992,303.494,0.0731429,2508,11137
2542,2008,304.089,0.0594389,2513,11082
2552,2024,305.821,0.173209,2455,11205
2562,2040,308.477,0.265663,2531,10922
2572,2055,310.636,0.215888,2432,10835
2582,2071,311.142,0.0505334,2465,11174
2592,2087,311.552,0.0410655,2450,11100
2602,2103,311.886,0.0333715,2459,11217
2612,2119,313.406,0.152025,2407,11106
2622,2135,314.642,0.123542,2457,11088
2632,2152,315.646,0.100395,2472,11242
2642,2167,317.71,0.206491,2451,11094
2652,2184,318.139,0.0428971,2457,11242
2662,2200,319.737,0.159766,2430,11168
2672,2216,319.786,0.00492624,2470,11186
2682,2232,321.075,0.128909,2457,11168
2692,2249,320.874,-0.0201491,2411,11236
2702,2266,321.959,0.108532,2453,11334
2712,2282,324.09,0.213104,2406,11230
2722,2298,325.822,0.173177,2474,11402
2732,2316,325.98,0.0158244,2455,11482
2742,2332,327.358,0.137766,2496,11390
2752,2349,328.478,0.111954,2481,11328
2762,2366,330.636,0.215885,2495,11396
2772,2383,331.142,0.0505304,2513,11550
2782,2400,332.801,0.165969,2478,11347
2792,2416,334.15,0.134873,2434,11322
2802,2434,333.997,-0.0153026,2459,11513
2812,2451,335.122,0.112471,2466,11457
2822,2468,336.036,0.0913983,2423,11470
2832,2486,338.028,0.19918,2415,11513
2842,2502,339.646,0.161862,2493,11562
2852,2520,339.712,0.00662934,2483,11673
2862,2538,341.015,0.130293,2470,11464
2872,2554,342.074,0.105882,2476,11433
2882,2572,342.935,0.0860438,2490,11501
2892,2590,343.634,0.0699227,2460,11519
2902,2608,344.202,0.0568221,2422,11568
2912,2625,347.162,0.295988,2388,11445
2922,2643,348.318,0.115626,2416,11507
2932,2660,349.258,0.0939624,2401,11593
2942,2678,348.772,-0.0485486,2403,11574
2952,2696,349.627,0.0854537,2421,11556
2962,2714,350.321,0.0694431,2413,11556
2972,2732,352.135,0.181339,2422,11581
2982,2750,353.608,0.147363,2409,11661
2992,2768,354.806,0.119753,2425,11556
3002,2786,355.779,0.0973163,2398,11501
3012,2804,356.57,0.0790832,2392,11618
3022,2822,357.213,0.0642662,2400,11605
3032,2842,357.735,0.0522254,2411,11611
3042,2860,360.657,0.292253,2366,11630
3052,2878,363.032,0.237497,2382,11642
3062,2896,364.962,0.192999,2397,11611
3072,2915,364.033,-0.0929733,2397,11618
3082,2934,364.526,0.0493523,2392,11611
3092,2952,366.176,0.165012,2366,11661
3102,2971,367.517,0.134095,2375,11636
3112,2990,368.607,0.108971,2351,11599
3122,3008,369.492,0.0885546,2340,11648
3132,3027,370.212,0.0719631,2341,11679
3142,3046,370.797,0.0584801,2358,11722
3152,3065,371.272,0.0475233,2323,11679
3162,3084,372.907,0.163526,2310,11673
3172,3103,374.236,0.132888,2330,11655
3182,3122,375.316,0.10799,2310,11605
3192,3141,376.194,0.0877569,2272,11630
3202,3160,376.907,0.0713148,2258,11648
3212,3179,377.486,0.0579533,2262,11648
3222,3198,377.957,0.0470952,2223,11624
3232,3218,378.34,0.0382715,2211,11642
3242,3238,379.9,0.156007,2226,11605
3252,3257,382.417,0.251684,2237,11741
3262,3276,384.462,0.204529,2236,11796
3272,3296,384.875,0.0413021,2237,11765
3282,3316,385.211,0.0335638,2246,11772
3292,3336,386.733,0.152182,2246,11772
3302,3355,389.218,0.248575,2249,11821
3312,3374,389.989,0.077096,2258,11846
3322,3394,389.367,-0.0622549,2277,11833
3332,3414,388.861,-0.0505908,2262,11796
3342,3434,389.699,0.0837941,2247,11679
3352,3454,391.629,0.193001,2235,11648
3362,3474,393.197,0.15684,2189,11648
3372,3494,394.472,0.127455,2127,11661
3382,3514,395.508,0.103575,2125,11648
3392,3534,396.349,0.0841692,2110,11735
3402,3554,397.033,0.0683993,2098,11735
3412,3574,397.589,0.055584,2105,11661
3422,3594,398.041,0.0451699,2109,11661
3432,3614,398.408,0.0367069,2086,11735
3442,3635,398.706,0.0298295,2095,11728
3452,3656,400.198,0.149147,2084,11667
3462,3676,402.659,0.246109,2068,11673
3472,3696,404.659,0.199998,2041,11630
3482,3717,405.035,0.0376205,2031,11574
3492,3738,405.341,0.0305719,2014,11624
3502,3758,406.838,0.14975,1995,11673
3512,3778,408.055,0.121693,1996,11667
3522,3799,407.795,-0.0260135,2003,11753
3532,3820,407.584,-0.0211396,1992,11692
3542,3841,408.661,0.107727,1987,11673
3552,3862,410.785,0.21245,2009,11741
3562,3882,412.512,0.172645,1992,11648
3572,3903,412.666,0.0153924,1972,11636
3582,3924,412.791,0.0125085,1969,11673
3592,3946,412.892,0.0101649,1977,11692
3602,3966,415.473,0.258073,1944,11642
3612,3988,416.321,0.0848143,1950,11624
3622,4008,418.26,0.19383,1972,11679
3632,4030,417.337,-0.0922985,1953,11642
3642,4051,419.085,0.174807,1933,11648
3652,4072,419.256,0.017149,1935,11685
3662,4094,420.645,0.138842,1920,11648
3672,4115,421.773,0.112829,1904,11648
3682,4136,422.69,0.0916893,1912,11673
3692,4158,423.435,0.0745104,1905,11661
3702,4179,424.04,0.0605502,1881,11648
3712,4200,424.532,0.0492056,1879,11698
3722,4222,424.932,0.0399864,1873,11667
3732,4244,425.257,0.0324946,1842,11611
3742,4266,426.77,0.151313,1834,11605
3752,4287,429.249,0.247869,1835,11655
3762,4309,430.014,0.0765222,1817,11661
3772,4330,430.636,0.0621851,1813,11655
3782,4352,429.892,-0.0743721,1819,11667
3792,4374,430.537,0.0644684,1803,11618
3802,4396,431.061,0.0523897,1810,11611
3812,4418,432.736,0.16748,1793,11630
3822,4440,434.097,0.136101,1784,11630
3832,4462,435.203,0.110601,1767,11605
3842,4484,436.102,0.0898792,1777,11673
3852,4506,436.832,0.0730395,1766,11673
3862,4528,437.426,0.0593549,1766,11630
3872,4550,437.908,0.0482342,1764,11624
3882,4572,438.3,0.039197,1750,11630
3892,4594,438.618,0.0318531,1748,11611
3902,4617,438.877,0.0258851,1741,11636
3912,4640,440.337,0.145942,1729,11630
3922,4662,442.772,0.243504,1730,11618
3932,4684,444.751,0.197881,1737,11661
3942,4706,445.11,0.0359003,1730,11772
3952,4729,444.152,-0.0957322,1737,11765
3962,4752,444.623,0.0471104,1752,11692
3972,4774,446.255,0.16319,1729,11655
3982,4796,447.581,0.132615,1730,11636
3992,4820,447.41,-0.017138,1715,11642
4002,4842,448.52,0.110979,1695,11648
4012,4864,449.422,0.0901862,1672,11642
4022,4888,450.155,0.073289,1681,11655
4032,4910,450.75,0.0595576,1670,11741
4042,4933,451.234,0.0483989,1677,11685
4052,4956,452.876,0.164237,1683,11655
4062,4978,452.962,0.00855957,1668,11655
4072,5002,453.032,0.00695585,1661,11648
4082,5024,454.337,0.130559,1657,11667
4092,5048,454.149,-0.0188088,1639,11741
4102,5070,456.494,0.234528,1642,11704
4112,5094,455.902,-0.0592257,1652,11673
4122,5117,457.919,0.201683,1635,11753
4132,5140,458.309,0.0389897,1649,11692
4142,5163,459.875,0.156591,1647,11679
4152,5186,459.898,0.00234589,1622,11661
4162,5210,459.917,0.00190636,1623,11704
4172,5233,461.182,0.126455,1632,11759
4182,5256,462.209,0.102763,1608,11685
4192,5280,463.045,0.0835092,1611,11661
4202,5303,463.723,0.067863,1600,11673
4212,5326,464.275,0.0551482,1587,11667
4222,5350,464.723,0.0448157,1574,11661
4232,5374,465.087,0.0364191,1565,11685
4242,5397,466.632,0.154502,1561,11673
4252,5420,467.888,0.125554,1566,11741
4262,5444,467.659,-0.0228756,1572,11759
4272,5468,467.473,-0.0185896,1561,11685
4282,5492,468.571,0.1098,1573,11679
4292,5516,470.712,0.214134,1564,11679
4302,5539,472.452,0.174014,1565,11661
4312,5562,472.617,0.0165045,1561,11759
4322,5586,471.503,-0.111494,1558,11772
4332,5610,470.596,-0.0906046,1552,11685
4342,5634,471.109,0.0512773,1554,11679
4352,5658,472.775,0.166576,1543,11685
4362,5682,474.129,0.135367,1536,11685
4372,5706,475.229,0.110004,1523,11698
4382,5730,476.123,0.0893941,1505,11698
4392,5754,476.849,0.0726452,1500,11692
4402,5778,477.439,0.0590345,1496,11692
4412,5802,477.919,0.0479738,1490,11679
4422,5827,478.309,0.0389855,1487,11679
4432,5851,479.875,0.156587,1487,11710
4442,5876,481.147,0.127249,1484,11692
4452,5900,483.431,0.228314,1493,11692
4462,5924,484.037,0.0606312,1481,11704
4472,5948,484.53,0.0492713,1472,11692
4482,5972,483.681,-0.0848663,1467,11704
4492,5997,482.991,-0.0689658,1462,11716
4502,6022,483.68,0.0688618,1452,11685
4512,6046,485.489,0.180866,1454,11710
4522,6070,486.958,0.146979,1443,11710
4532,6094,486.904,-0.00546498,1442,11704
4542,6120,485.61,-0.129347,1438,11753
4552,6144,487.057,0.1447,1436,11698
4562,6168,488.233,0.117589,1432,11704
4572,6193,489.189,0.0955574,1432,11704
4582,6218,488.716,-0.0472524,1427,11710
4592,6242,489.581,0.086507,1429,11704
4602,6267,490.284,0.0702991,1422,11747
4612,6292,490.856,0.0571279,1422,11704
4622,6318,491.32,0.0464245,1410,11679
4632,6342,494.195,0.287539,1398,11667
4642,6367,495.283,0.10876,1393,11698
4652,6392,496.167,0.0883824,1387,11759
4662,6416,495.636,-0.0530831,1382,11790
4672,6442,495.204,-0.0431375,1399,11852
4682,6466,496.103,0.089851,1412,11827
4692,6492,495.584,-0.0518897,1417,11753
4702,6516,497.66,0.207645,1415,11759
4712,6542,496.85,-0.0810719,1404,11759
4722,6567,498.689,0.18393,1383,11753
4732,6592,498.935,0.0245629,1373,11772
4742,6617,500.383,0.144867,1363,11759
4752,6642,500.311,-0.00718138,1358,11747
4762,6668,500.253,-0.00583588,1357,11778
4772,6693,501.455,0.120164,1357,11759
4782,6718,502.431,0.09765,1353,11772
4792,6744,503.225,0.0793543,1354,11765
4802,6769,503.87,0.0644865,1353,11759
4812,6794,504.394,0.0524044,1348,11778
4822,6820,504.82,0.0425859,1338,11772
4832,6846,505.166,0.0346071,1336,11759
4842,6871,506.696,0.153029,1335,11778
4852,6896,507.94,0.124358,1330,11759
4862,6922,507.701,-0.023848,1320,11778
4872,6948,507.507,-0.0193798,1321,11772
4882,6973,508.599,0.109157,1317,11778
4892,6998,509.486,0.0887057,1313,11784
4902,7024,508.958,-0.0528203,1299,11778
4912,7050,508.528,-0.042924,1300,11772
4922,7076,509.429,0.0900245,1298,11790
4932,7101,511.409,0.198064,1300,11772
4942,7127,511.77,0.0360484,1292,11790
4952,7153,512.063,0.0292944,1294,11778
4962,7179,512.301,0.0238058,1288,11759
4972,7204,513.743,0.144252,1280,11716
4982,7230,513.666,-0.00768133,1269,11698
4992,7256,513.604,-0.00624216,1268,11778
5002,7283,513.553,-0.00507263,1265,11790
5012,7308,516.01,0.24569,1267,11784
5022,7334,516.758,0.0747516,1258,11790
5032,7360,517.365,0.0607462,1269,11778
5042,7386,516.61,-0.0755414,1260,11698
5052,7412,517.245,0.0635182,1246,11765
5062,7438,517.761,0.0516175,1241,11778
5072,7465,518.181,0.0419465,1239,11759
5082,7491,519.771,0.158994,1234,11704
5092,7517,521.063,0.129205,1228,11784
5102,7544,522.113,0.104997,1228,11759
5112,7570,522.966,0.0853248,1224,11710
5122,7596,523.659,0.0693384,1220,11784
5132,7622,524.223,0.0563472,1224,11809
5142,7648,523.432,-0.0791162,1223,11790
5152,7675,522.789,-0.064293,1216,11765
5162,7701,523.515,0.0726591,1219,11710
5172,7728,524.106,0.0590457,1207,11796
5182,7754,525.835,0.172889,1203,11765
5192,7781,525.99,0.0155906,1192,11722
5202,7808,527.366,0.137576,1188,11796
5212,7834,528.484,0.1118,1200,11790
5222,7860,529.393,0.0908529,1194,11809
5232,7887,528.882,-0.0510754,1182,11778
5242,7914,528.467,-0.041506,1188,11759
5252,7940,529.379,0.0911768,1180,11759
5262,7966,530.12,0.074094,1175,11759
5272,7993,529.473,-0.0646945,1167,11796
5282,8020,528.947,-0.0525733,1157,11778
5292,8046,529.769,0.082183,1163,11759
5302,8074,530.437,0.0667852,1155,11759
5312,8100,532.228,0.179179,1153,11698
5322,8127,532.435,0.0207016,1138,11673
5332,8154,533.853,0.141729,1126,11692
5342,8180,533.755,-0.00973132,1130,11661
5352,8208,533.676,-0.00790807,1114,11765
5362,8234,534.861,0.11848,1119,11765
5372,8261,534.575,-0.0286247,1121,11759
5382,8288,535.591,0.101645,1122,11772
5392,8316,535.168,-0.0423057,1127,11759
5402,8342,537.323,0.215433,1120,11765
5412,8370,537.824,0.0501635,1114,11704
5422,8396,539.481,0.165671,1114,11673
5432,8424,538.329,-0.115181,1097,11704
5442,8450,539.891,0.156211,1097,11685
5452,8478,538.663,-0.122869,1073,11698
5462,8504,540.162,0.149964,1073,11685
5472,8532,538.883,-0.127945,1073,11673
5482,8558,540.341,0.145839,1073,11692
5492,8586,537.377,-0.296373,1075,11692
5502,8614,541.306,0.392859,1069,11784
5512,8640,543.573,0.226712,1078,11778
5522,8668,544.881,0.130831,1080,11692
5532,8696,545.636,0.0755005,1069,11710
5542,8722,546.072,0.04357,1072,11692
5552,8750,546.324,0.0251435,1066,11698
5562,8777,546.469,0.0145099,1065,11698
5572,8804,543.733,-0.273572,1058,11692
5582,8832,544.974,0.124072,1043,11716
5592,8860,545.69,0.0715996,1048,11685
5602,8887,548.922,0.323264,1038,11704
5612,8914,550.788,0.18655,1046,11692
5622,8942,549.045,-0.17429,1041,11692
5632,8970,548.039,-0.10058,1037,11710
5642,8998,550.278,0.223902,1046,11778
5652,9024,554.39,0.411155,1043,11784
5662,9052,551.123,-0.32662,1043,11710
5672,9080,549.239,-0.188487,1034,11698
5682,9108,548.151,-0.108772,1030,11716
5692,9135,553.162,0.50112,1039,11692
5702,9162,553.194,0.00320843,1027,11784
5712,9190,551.971,-0.122299,1036,11784
5722,9218,550.977,-0.0993851,1025,11722
5732,9246,551.419,0.0441419,1025,11722
5742,9274,553.027,0.160778,1020,11710
5752,9302,554.333,0.130654,1001,11716
5762,9330,555.395,0.106175,1001,11790
5772,9358,556.258,0.0862823,1002,11784
5782,9386,556.959,0.0701165,1010,11716
5792,9413,557.529,0.0569795,1007,11704
5802,9441,556.743,-0.0786024,1001,11728
5812,9469,556.104,-0.0638755,1010,11704
5822,9496,555.585,-0.0519078,993,11790
5832,9524,555.163,-0.0421824,1001,11796
5842,9552,554.82,-0.0342791,993,11716
5852,9581,554.542,-0.0278566,982,11765
5862,9608,556.813,0.227175,991,11698
5872,9636,557.41,0.0597054,980,11722
5882,9665,557.896,0.0485191,980,11704
5892,9693,558.29,0.0394286,974,11722
5902,9721,559.859,0.156947,978,11728
5912,9749,561.135,0.127542,982,11704
5922,9777,560.922,-0.0212605,966,11772
5932,9806,560.749,-0.0172771,969,11716
5942,9834,561.858,0.110866,951,11765
5952,9862,562.759,0.0900943,962,11716
5962,9890,563.491,0.0732143,953,11722
5972,9919,562.837,-0.0654093,941,11778
5982,9947,563.555,0.071752,955,11716
5992,9975,564.138,0.0583086,948,11765
6002,10004,564.611,0.0473839,958,11722
6012,10032,564.997,0.0385061,947,11728
6022,10060,565.309,0.0312916,951,11728
6032,10088,565.564,0.0254288,956,11716
6042,10116,564.521,-0.104242,943,11778
6052,10146,563.674,-0.0847111,949,11710
6062,10174,565.484,0.180973,930,11772
6072,10202,566.955,0.147066,936,11722
6082,10230,568.15,0.119512,934,11728
6092,10259,566.623,-0.152692,925,11772
6102,10288,566.631,0.000822182,928,11716
6112,10316,567.887,0.125574,917,11784
6122,10344,568.907,0.102047,935,11710
6132,10373,568.487,-0.0419788,926,11772
6142,10402,568.146,-0.0341137,925,11772
6152,10430,569.118,0.0971841,928,11765
6162,10459,569.908,0.0789757,925,11772
6172,10488,570.55,0.0641789,937,11722
6182,10516,571.071,0.0521544,914,11778
6192,10546,571.495,0.0423828,927,11772
6202,10574,573.089,0.159348,921,11772
6212,10602,573.134,0.00458658,919,11778
6222,10631,573.172,0.00372724,914,11728
6232,10660,571.953,-0.121877,899,11778
6242,10688,572.212,0.0258638,913,11722
6252,10718,572.422,0.0210179,896,11778
6262,10746,573.842,0.141986,899,11772
6272,10776,573.746,-0.00952242,890,11778
6282,10804,576.167,0.242074,890,11778
6292,10833,575.636,-0.0530932,896,11728
6302,10862,576.454,0.0817606,876,11784
6312,10891,575.869,-0.0584643,890,11765
6322,10920,576.643,0.0773958,879,11784
6332,10948,577.272,0.062895,892,11765
6342,10978,576.534,-0.0737952,887,11778
6352,11007,577.183,0.0649372,879,11796
6362,11036,577.711,0.0527706,888,11772
6372,11065,579.389,0.16779,873,11790
6382,11094,579.504,0.0114466,888,11772
6392,11123,579.597,0.00930195,866,11784
6402,11152,579.672,0.00755915,876,11778
6412,11181,579.734,0.00614287,877,11778
6422,11210,579.783,0.00499195,876,11784
6432,11239,579.824,0.00405666,880,11772
6442,11268,579.857,0.00329661,868,11796
6452,11298,579.884,0.00267896,892,11765
6462,11326,581.155,0.127083,872,11790
6472,11356,580.938,-0.0216332,871,11765
6482,11386,582.012,0.107326,862,11790
6492,11414,582.884,0.0872176,858,11796
6502,11444,583.593,0.0708766,864,11772
6512,11473,584.168,0.0575972,843,11796
6522,11502,583.387,-0.0781004,866,11784
6532,11532,584.002,0.0614387,850,11790
6542,11561,584.501,0.0499276,866,11772
6552,11590,584.907,0.0405732,855,11790
6562,11620,585.237,0.0329714,848,11802
6572,11649,585.505,0.0267939,856,11772
6582,11679,585.722,0.0217738,841,11802
6592,11708,587.148,0.142601,852,11778
6602,11738,587.058,-0.00902325,828,11809
6612,11767,588.234,0.117574,847,11784
6622,11796,587.94,-0.0293612,843,11790
6632,11826,587.702,-0.0238601,840,11790
6642,11855,587.508,-0.0193897,840,11778
6652,11884,587.35,-0.0157568,829,11815
6662,11914,587.222,-0.0128046,848,11778
6672,11944,587.118,-0.0104056,819,11821
6682,11974,588.282,0.11645,832,11784
6692,12003,590.478,0.219538,819,11796
6702,12032,590.505,0.00274834,830,11790
6712,12062,590.468,-0.0036947,824,11796
6722,12092,590.432,-0.00365914,812,11802
6732,12121,590.975,0.0543625,827,11790
6742,12150,591.417,0.0441772,816,11802
6752,12180,590.527,-0.0890061,829,11790
6762,12210,589.804,-0.0723299,805,11815
6772,12240,590.465,0.066128,821,11802
6782,12270,592.252,0.178645,816,11802
6792,12300,593.703,0.145174,813,11802
6802,12330,594.883,0.117974,807,11809
6812,12360,595.842,0.0958706,798,11809
6822,12388,596.621,0.0779083,820,11784
6832,12418,594.756,-0.186501,795,11815
6842,12448,593.24,-0.151558,814,11790
6852,12478,592.009,-0.123162,798,11815
6862,12508,593.506,0.149726,806,11790
6872,12538,594.723,0.121673,793,11809
6882,12568,595.711,0.0988766,774,11821
6892,12598,596.515,0.0803511,783,11796
6902,12628,597.168,0.0652966,767,11815
6912,12658,597.698,0.0530627,790,11796
6922,12688,598.13,0.0431209,763,11821
6932,12718,598.48,0.0350418,785,11802
6942,12747,598.765,0.0284764,771,11802
6952,12778,597.747,-0.101765,773,11815
6962,12808,598.169,0.0422077,765,11809
6972,12838,598.512,0.0342997,752,11821
6982,12868,600.04,0.15278,771,11796
6992,12898,600.033,-0.000751345,756,11821
7002,12928,600.026,-0.000610573,770,11809
7012,12958,600.026,-2.54892e-05,756,11827
7022,12988,600.026,-2.52439e-05,782,11802
7032,13018,600.026,-2.50009e-05,767,11821
7042,13048,600.025,-2.47603e-05,770,11815
7052,13078,600.025,-2.45219e-05,773,11809
7062,13108,600.025,-2.42859e-05,763,11833
7072,13138,600.025,-2.40522e-05,772,11809
7082,13170,600.025,-2.38207e-05,743,11839
7092,13199,600.153,0.0128096,766,11815
7102,13230,600.215,0.0062697,740,11833
7112,13260,600.342,0.0126259,762,11802
7122,13290,600.338,-0.00032875,741,11833
7132,13320,601.524,0.118568,750,11815
7142,13350,601.238,-0.0285528,753,11809
7152,13381,601.006,-0.0232032,738,11833
7162,13411,602.067,0.10605,745,11821
7172,13442,602.929,0.0861809,723,11839
7182,13472,604.878,0.19494,752,11802
7192,13502,605.213,0.0335102,726,11827
7202,13532,605.486,0.0272317,745,11815
7212,13563,604.458,-0.102777,735,11827
7222,13593,604.872,0.0413858,752,11821
7232,13624,605.208,0.0336318,742,11827
7242,13654,606.73,0.152237,733,11827
7252,13684,606.718,-0.00119244,739,11815
7262,13715,606.709,-0.000969025,722,11839
7272,13745,606.701,-0.000787469,732,11815
7282,13776,606.694,-0.00063993,701,11852
7292,13806,607.938,0.124386,730,11809
7302,13837,607.7,-0.0238249,710,11839
7312,13868,608.755,0.105545,725,11821
7322,13898,609.613,0.0857702,714,11827
7332,13928,610.31,0.0697004,722,11821
7342,13959,609.628,-0.0682649,735,11809
7352,13990,609.073,-0.0554748,713,11852
7362,14020,609.871,0.0798251,733,11821
7372,14051,610.52,0.0648692,703,11802
7382,14082,611.047,0.0527153,726,11735
7392,14112,611.475,0.0428386,692,11839
7402,14143,611.823,0.0348124,706,11815
7412,14174,612.106,0.02829,692,11846
7422,14204,612.336,0.0229896,705,11815
7432,14234,612.523,0.0186823,696,11833
7442,14266,611.426,-0.109724,695,11833
7452,14296,611.783,0.0357398,706,11827
7462,14327,612.074,0.0290436,688,11839
7472,14358,613.559,0.148508,708,11815
7482,14389,613.516,-0.00422237,682,11802
7492,14419,614.731,0.121475,709,11735
7502,14450,614.469,-0.0261907,686,11846
7512,14480,614.256,-0.0212837,702,11821
7522,14512,612.834,-0.142202,683,11846
7532,14542,612.903,0.00689675,690,11821
7542,14572,612.908,0.000413784,699,11821
7552,14604,612.912,0.000409801,676,11858
7562,14634,612.916,0.000405857,690,11833
7572,14666,612.92,0.00040195,670,11852
7582,14696,613.052,0.0132313,704,11821
7592,14728,613.055,0.000270732,668,11852
7602,14758,613.186,0.0131013,697,11815
7612,14790,613.187,0.000142028,681,11858
7622,14820,613.317,0.0129738,699,11821
7632,14851,613.317,1.57898e-05,674,11852
7642,14882,614.569,0.125211,679,11827
7652,14912,614.338,-0.023155,684,11839
7662,14944,614.149,-0.0188167,668,11852
7672,14975,615.246,0.109615,685,11827
7682,15022,616.136,0.0890776,676,11698
7692,15052,618.526,0.23893,678,11815
7702,15068,617.969,-0.0556484,656,11852
7712,15114,618.766,0.079684,674,11833
7722,15146,618.581,-0.0185163,650,11858
7732,15161,620.929,0.234765,675,11821
7742,15192,620.338,-0.0590326,663,11839
7752,15224,620.275,-0.00633688,650,11864
7762,15270,620.223,-0.0051496,653,11852
7772,15301,621.014,0.079086,663,11827
7782,15333,621.657,0.0642685,646,11864
7792,15364,622.179,0.0522272,640,11710
7802,15395,623.02,0.0840774,655,11839
7812,15426,623.703,0.0683247,643,11839
7822,15457,623.009,-0.0693828,653,11846
7832,15488,622.446,-0.0563833,640,11846
7842,15519,621.987,-0.0458194,672,11839
7852,15552,621.615,-0.0372347,647,11870
7862,15582,623.811,0.219554,662,11839
7872,15614,624.346,0.0535123,638,11858
7882,15644,625.251,0.0905726,656,11833
7892,15676,624.05,-0.120103,628,11876
7902,15708,624.541,0.0490191,632,11839
7912,15739,624.939,0.0398349,639,11858
7922,15770,626.512,0.157278,648,11827
7932,15801,626.541,0.00290404,646,11858
7942,15833,625.315,-0.122546,632,11858
7952,15864,625.568,0.0253201,651,11846
7962,15896,625.774,0.0205762,622,11735
7972,15926,627.19,0.141627,635,11833
7982,15959,625.843,-0.13472,606,11870
7992,15989,627.247,0.140333,636,11833
8002,16022,625.889,-0.135772,622,11870
8012,16052,628.533,0.264385,637,11839
8022,16084,626.934,-0.159869,629,11864
8032,16115,628.133,0.119897,635,11710
8042,16146,624.693,-0.34396,620,11846
8052,16178,625.528,0.0834521,606,11852
8062,16210,626.01,0.0481587,615,11864
8072,16241,629.107,0.309737,606,11722
8082,16272,630.894,0.178744,620,11833
8092,16305,629.106,-0.178795,602,11864
8102,16336,630.894,0.178765,628,11858
8112,16368,631.926,0.103162,610,11858
8122,16398,635.34,0.341478,627,11846
8132,16431,628.853,-0.648774,596,11790
8142,16462,630.748,0.189494,617,11827
8152,16494,629.022,-0.172591,602,11870
8162,16526,633.665,0.464291,612,11852
8172,16558,633.525,-0.0140111,588,11882
8182,16588,636.263,0.27386,602,11839
8192,16620,632.205,-0.405851,609,11870
8202,16652,629.863,-0.234209,602,11858
8212,16683,628.511,-0.135158,618,11852
8222,16715,630.55,0.203948,615,11852
8232,16746,631.727,0.117695,624,11870
8242,16779,630.779,-0.0948168,598,11876
8252,16810,632.507,0.17276,619,11858
8262,16842,632.662,0.015486,598,11858
8272,16873,634.037,0.137491,621,11852
8282,16906,632.656,-0.138082,593,11796
8292,16936,634.032,0.137602,613,11827
8302,16970,632.652,-0.137992,596,11870
8312,17000,635.278,0.262581,609,11852
8322,17033,633.664,-0.161335,580,11895
8332,17064,636.1,0.243611,594,11846
8342,17096,632.111,-0.39897,598,11882
8352,17128,635.447,0.333652,592,11864
8362,17160,634.553,-0.0894006,584,11882
8372,17192,636.857,0.230354,585,11852
8382,17223,638.186,0.132933,598,11870
8392,17255,636.134,-0.205232,580,11864
8402,17286,634.949,-0.118436,605,11864
8412,17319,631.446,-0.350292,593,11870
8422,17350,635.064,0.361743,606,11870
8432,17384,634.332,-0.0731897,578,11889
8442,17414,642.368,0.803599,598,11858
8452,17447,638.547,-0.382092,577,11876
8462,17478,641.981,0.343391,594,11864
8472,17511,635.504,-0.64767,576,11889
8482,17542,640.225,0.472076,587,11735
8492,17574,637.31,-0.291463,579,11864
8502,17606,638.448,0.113747,575,11735
8512,17638,636.285,-0.216304,558,11882
8522,17670,637.856,0.15712,555,11728
8532,17702,638.763,0.0906711,557,11864
8542,17734,639.286,0.0523247,540,11796
8552,17766,639.42,0.0133772,544,11864
8562,17798,639.528,0.0108708,540,11741
8572,17830,639.617,0.00883408,561,11852
8582,17862,639.689,0.00717894,538,11796
8592,17894,639.747,0.00583389,557,11846
8602,17926,639.794,0.00474086,547,11790
8612,17958,639.833,0.00385262,556,11852
8622,17991,639.864,0.00313079,535,11895
8632,18022,641.139,0.12745,554,11741
8642,18055,640.925,-0.0213348,545,11870
8652,18087,642.001,0.107569,543,11778
8662,18120,641.626,-0.0374915,528,11747
8672,18151,643.82,0.219345,545,11827
8682,18184,643.104,-0.0715635,538,11790
8692,18216,643.771,0.0667508,530,11735
8702,18248,643.065,-0.0706618,528,11882
8712,18280,643.74,0.0674836,545,11852
8722,18312,643.039,-0.0700663,546,11889
8732,18344,642.47,-0.0569388,537,11870
8742,18376,642.007,-0.0462708,552,11882
8752,18408,641.631,-0.0376015,549,11778
8762,18440,641.325,-0.0305565,557,11858
8772,18473,641.077,-0.0248315,534,11790
8782,18504,642.124,0.104727,552,11852
8792,18538,641.726,-0.0398007,530,11790
8802,18570,643.901,0.217469,544,11858
8812,18602,644.419,0.0518178,521,11802
8822,18634,646.089,0.167015,541,11846
8832,18667,644.948,-0.114089,525,11901
8842,18698,645.27,0.0321929,527,11790
8852,18732,644.283,-0.0987449,516,11864
8862,18762,645.979,0.169568,534,11741
8872,18796,643.609,-0.236921,523,11870
8882,18828,645.431,0.182187,511,11809
8892,18861,644.414,-0.10176,505,11784
8902,18893,647.334,0.292025,519,11858
8912,18926,647.209,-0.0125013,506,11901
8922,18958,648.356,0.114747,506,11778
8932,18990,648.04,-0.031658,513,11784
8942,19022,647.783,-0.0257266,516,11735
8952,19054,646.324,-0.145813,511,11876
8962,19087,645.139,-0.118493,507,11784
8972,19119,645.426,0.0286137,523,11858
8982,19152,645.658,0.0232527,509,11796
8992,19184,647.096,0.143802,521,11753
9002,19217,647.016,-0.00804663,507,11741
9012,19248,648.199,0.118367,524,11852
9022,19282,646.663,-0.153622,500,11815
9032,19314,647.913,0.124973,507,11870
9042,19346,647.679,-0.0233484,499,11796
9052,19378,648.739,0.105932,529,11846
9062,19412,647.101,-0.163728,506,11815
9072,19444,648.269,0.116761,498,11796
9082,19477,649.218,0.0948846,497,11778
9092,19509,651.238,0.202013,501,11741
9102,19542,650.382,-0.0856482,471,11796
9112,19574,650.935,0.055305,478,11858
9122,19607,650.135,-0.0799631,492,11895
9132,19639,650.734,0.0599249,502,11790
9142,19672,649.972,-0.0762088,486,11796
9152,19704,650.602,0.0629759,495,11728
9162,19736,649.865,-0.0737295,503,11864
9172,19770,649.265,-0.0599156,486,11809
9182,19802,650.028,0.0762164,481,11784
9192,19834,650.647,0.0619365,491,11846
9202,19867,651.15,0.0503322,498,11815
9212,19900,650.31,-0.0840043,477,11784
9222,19932,650.877,0.0566409,492,11870
9232,19964,651.337,0.0460287,495,11790
9242,19997,650.462,-0.0875014,504,11870
9252,20030,649.751,-0.0711072,491,11913
9262,20063,650.422,0.0671216,503,11815
9272,20096,652.217,0.179452,495,11784
9282,20128,653.675,0.14583,505,11870
9292,20162,653.611,-0.00639886,480,11802
9302,20194,654.808,0.119706,496,11870
9312,20227,654.532,-0.0276281,498,11901
9322,20259,655.556,0.102455,504,11809
9332,20292,653.891,-0.166554,484,11802
9342,20324,653.786,-0.0104421,502,11858
9352,20358,652.452,-0.133392,485,11907
9362,20390,653.866,0.141413,481,11815
9372,20423,653.767,-0.00998846,476,11876
9382,20455,654.934,0.116789,493,11790
9392,20488,653.385,-0.154905,480,11809
9402,20521,653.376,-0.000975714,466,11790
9412,20554,653.368,-0.000792905,474,11882
9422,20586,654.61,0.124262,487,11876
9432,20620,654.371,-0.023926,473,11907
9442,20652,655.426,0.105463,469,11809
9452,20685,655.034,-0.0392027,489,11882
9462,20718,655.964,0.0930485,487,11796
9472,20750,655.471,-0.0492912,473,11889
9482,20783,655.071,-0.040056,473,11790
9492,20816,654.745,-0.0325512,483,11796
9502,20850,654.481,-0.0264524,475,11876
9512,20882,656.764,0.228316,477,11815
9522,20914,657.37,0.0606328,475,11741
9532,20948,656.614,-0.0756336,485,11882
9542,20981,656.582,-0.00315742,463,11833
9552,21014,656.615,0.00328955,468,11796
9562,21046,658.498,0.188325,460,11735
9572,21079,657.531,-0.0967721,471,11790
9582,21112,656.744,-0.0786409,448,11815
9592,21145,656.105,-0.0639068,456,11796
9602,21178,656.835,0.0729729,456,11747
9612,21210,657.428,0.0593008,464,11778
9622,21244,656.661,-0.076716,442,11809
9632,21276,657.286,0.0625637,451,11790
9642,21310,656.546,-0.0740644,451,11882
9652,21342,658.442,0.189625,458,11815
9662,21376,657.485,-0.0957157,444,11790
9672,21408,659.205,0.17203,460,11870
9682,21442,658.105,-0.110014,457,11833
9692,21474,659.709,0.160411,457,11790
9702,21508,658.515,-0.119456,447,11802
9712,21540,661.962,0.344767,458,11882
9722,21574,658.313,-0.364931,437,11833
9732,21606,661.846,0.353295,438,11790
9742,21640,658.246,-0.36001,442,11796
9752,21672,661.807,0.356135,451,11876
9762,21706,658.223,-0.358371,442,11839
9772,21738,661.794,0.35708,448,11784
9782,21772,658.216,-0.357825,457,11882
9792,21804,661.79,0.357395,461,11901
9802,21838,658.213,-0.357643,450,11839
9812,21870,661.788,0.3575,447,11790
9822,21904,658.213,-0.357583,460,11889
9832,21938,661.788,0.357535,450,11907
9842,21970,663.851,0.206327,445,11833
9852,22003,665.042,0.119068,444,11784
9862,22036,662.91,-0.213233,453,11802
9872,22070,658.86,-0.404998,436,11802
9882,22103,662.161,0.330173,437,11809
9892,22136,664.067,0.190537,435,11784
9902,22170,665.166,0.109956,440,11895
9912,22202,665.801,0.0634534,432,11815
9922,22236,663.348,-0.245327,444,11796
9932,22268,664.751,0.140371,441,11796
9942,22302,659.922,-0.482884,440,11821
9952,22334,662.775,0.285226,432,11784
9962,22368,658.782,-0.399291,442,11796
9972,22401,662.116,0.333466,430,11796
9982,22434,661.221,-0.0895076,431,11821
9992,22468,663.524,0.230292,424,11790
10002,22500,664.853,0.132897,442,11882
10012,22534,662.801,-0.205252,426,11827
10022,22567,664.436,0.163498,433,11809
10032,22600,663.605,-0.083107,428,11802
10042,22633,664.178,0.0573701,446,11882
10052,22668,663.395,-0.0782849,431,11827
10062,22700,665.257,0.186195,437,11796
10072,22734,665.521,0.0264034,432,11809
10082,22766,666.985,0.146363,443,11889
10092,22800,664.427,-0.255778,430,11839
10102,22833,664.847,0.0419565,438,11796
10112,22867,663.939,-0.0908107,427,11815
10122,22900,665.699,0.176016,421,11821
10132,22933,665.88,0.0181315,412,11802
10142,22966,666.028,0.0147344,425,11784
10152,23000,664.898,-0.112932,414,11815
10162,23033,665.23,0.0331327,409,11821
10172,23066,665.499,0.026925,415,11802
10182,23100,665.718,0.0218804,435,11876
10192,23134,665.727,0.000913425,415,11846
10202,23166,665.8,0.00732122,419,11796
10212,23200,665.808,0.000834167,423,11809
10222,23232,665.817,0.000826139,432,11802
10232,23266,665.696,-0.012015,418,11901
10242,23299,665.706,0.00093383,425,11815
10252,23333,665.651,-0.00549174,424,11815
10262,23366,665.725,0.00739428,420,11809
10272,23400,665.734,0.00090653,414,11815
10282,23433,665.807,0.00731439,427,11876
10292,23467,665.815,0.000827405,421,11833
10302,23500,665.888,0.00723603,407,11827
10312,23534,665.895,0.000749795,405,11809
10322,23566,667.289,0.139361,420,11784
10332,23600,665.923,-0.136562,416,11809
10342,23634,666.062,0.0139306,400,11827
10352,23668,666.176,0.0113206,401,11821
10362,23700,668.766,0.259012,418,11790
10372,23734,668.372,-0.0393288,407,11821
10382,23768,668.053,-0.0319601,391,11815
10392,23801,667.793,-0.0259721,399,11815
10402,23834,668.831,0.1038,420,11889
10412,23868,668.426,-0.0405539,407,11852
10422,23902,668.096,-0.0329558,407,11802
10432,23934,669.077,0.098125,418,11809
10442,23968,668.626,-0.0451658,408,11821
10452,24002,668.259,-0.0367036,402,11913
10462,24035,667.96,-0.0298268,415,11895
10472,24069,668.967,0.100668,423,11833
10482,24102,669.785,0.0818067,407,11827
10492,24136,669.201,-0.0584268,412,11815
10502,24169,669.975,0.0774262,424,11778
10512,24202,669.355,-0.0619865,414,11815
10522,24236,668.852,-0.0503728,390,11839
10532,24270,668.83,-0.00210288,392,11827
10542,24303,668.874,0.00433395,400,11809
10552,24337,668.917,0.00429223,389,11827
10562,24370,669.744,0.0827491,375,11821
10572,24404,669.168,-0.057661,385,11815
10582,24438,669.948,0.0780486,398,11802
10592,24471,670.582,0.0634255,391,11815
10602,24504,671.098,0.0515421,393,11796
10612,24538,670.268,-0.083021,408,11815
10622,24572,669.593,-0.0674663,391,11827
10632,24606,670.294,0.0700804,388,11821
10642,24639,672.112,0.181856,392,11790
10652,24673,672.341,0.0228777,398,11821
10662,24707,672.527,0.0185913,375,11827
10672,24740,672.678,0.0151081,382,11821
10682,24774,672.801,0.0122774,397,11790
10692,24806,672.901,0.00997715,395,11815
10702,24841,670.484,-0.241705,382,11932
10712,24874,671.017,0.0533935,391,11852
10722,24908,670.202,-0.0815165,396,11809
10732,24942,672.038,0.183569,392,11821
10742,24976,672.281,0.0242692,379,11815
10752,25009,673.727,0.144628,387,11815
10762,25043,673.653,-0.00737531,389,11815
10772,25076,673.593,-0.00599347,386,11827
10782,25110,673.527,-0.00666679,382,11802
10792,25144,673.525,-0.000186039,399,11901
10802,25178,673.523,-0.000184248,382,11858
10812,25212,673.585,0.00623411,382,11833
10822,25245,673.647,0.00617411,384,11796
10832,25279,673.644,-0.000301902,391,11821
10842,25312,673.641,-0.000298996,368,11833
10852,25346,673.574,-0.0067127,372,11821
10862,25380,673.572,-0.00023151,382,11802
10872,25414,673.569,-0.000229281,385,11821
10882,25448,673.631,0.00618951,369,11833
10892,25482,673.692,0.00612994,375,11827
10902,25515,673.753,0.00607094,380,11809
10912,25548,673.749,-0.00040408,377,11827
10922,25582,673.681,-0.00681677,368,11815
10932,25616,673.613,-0.00675116,376,11815
10942,25650,673.611,-0.000269601,378,11827
10952,25684,673.672,0.00614958,382,11815
10962,25717,673.733,0.00609039,380,11809
10972,25751,673.729,-0.000384814,386,11827
10982,25786,673.725,-0.00038111,369,11846
10992,25819,673.786,0.00603914,368,11833
11002,25852,674.95,0.116427,369,11796
11012,25886,674.647,-0.0302926,374,11821
11022,25920,673.152,-0.149523,358,11846
11032,25954,673.186,0.00339758,366,11827
11042,25988,674.463,0.127667,378,11802
11052,26022,675.5,0.103748,387,11907
11062,26056,676.343,0.0843095,370,11852
11072,26090,677.028,0.0685133,381,11827
11082,26124,677.585,0.0556767,386,11815
11092,26158,678.038,0.0452452,383,11833
11102,26191,678.405,0.0367681,370,11815
11112,26224,677.455,-0.095027,380,11821
11122,26259,675.434,-0.202129,373,11839
11132,26292,675.04,-0.039352,372,11827
11142,26326,674.72,-0.0319791,370,11815
11152,26360,675.71,0.0989187,378,11827
11162,26394,675.264,-0.0445208,360,11839
11172,26428,676.152,0.0887268,366,11913
11182,26462,676.873,0.072103,380,11913
11192,26496,677.459,0.0585938,384,11858
11202,26530,677.935,0.0476157,370,11833
11212,26564,678.322,0.0386945,379,11827
11222,26598,678.636,0.0314447,382,11821
11232,26632,678.892,0.0255532,371,11839
11242,26666,679.099,0.0207656,353,11827
11252,26700,679.268,0.016875,371,11827
11262,26734,679.405,0.0137133,362,11833
11272,26768,679.517,0.011144,361,11839
11282,26801,679.607,0.00905605,363,11802
11292,26834,678.432,-0.117547,378,11821
11302,26870,676.227,-0.22043,360,11852
11312,26904,676.934,0.0706824,362,11833
11322,26937,678.758,0.182346,365,11815
11332,26971,680.24,0.148181,362,11833
11342,27006,678.946,-0.129394,347,11846
11352,27040,679.143,0.0197553,351,11833
11362,27073,680.553,0.14096,361,11815
11372,27107,680.449,-0.0103563,354,11846
11382,27141,679.116,-0.133322,351,11827
11392,27174,679.06,-0.00556571,367,11821
11402,27209,677.987,-0.1073,360,11833
11412,27244,678.364,0.0377097,354,11852
11422,27277,679.92,0.155551,353,11809
11432,27312,681.184,0.126407,372,11919
11442,27346,682.211,0.102723,354,11870
11452,27380,681.797,-0.0414291,354,11839
11462,27414,682.709,0.0912393,361,11821
11472,27448,682.202,-0.0507615,369,11833
11482,27482,681.789,-0.0412509,350,11846
11492,27516,681.454,-0.0335221,349,11833
11502,27550,681.182,-0.0272414,354,11815
11512,27584,680.96,-0.0221375,354,11839
11522,27618,680.78,-0.0179898,344,11833
11532,27652,680.634,-0.0146193,351,11833
11542,27686,680.515,-0.0118802,353,11833
11552,27720,680.419,-0.00965434,346,11852
11562,27754,680.34,-0.00784551,345,11802
11572,27788,680.277,-0.00637558,360,11827
11582,27822,680.225,-0.00518106,351,11839
11592,27857,680.183,-0.00421034,344,11858
11602,27890,681.397,0.121485,350,11809
11612,27924,681.136,-0.0261828,358,11846
11622,27960,680.923,-0.0212772,335,11852
11632,27994,681.999,0.107616,335,11833
11642,28027,684.123,0.212359,348,11821
11652,28061,684.599,0.0476653,347,11839
11662,28096,682.488,-0.211078,335,11839
11672,28130,682.022,-0.0466241,343,11839
11682,28164,682.892,0.0870176,345,11827
11692,28198,683.6,0.070714,335,11852
11702,28232,682.925,-0.0674411,334,11821
11712,28266,682.377,-0.0548054,344,11827
11722,28300,681.932,-0.0445371,335,11852
11732,28334,681.57,-0.0361927,338,11852
11742,28368,681.276,-0.0294116,346,11809
11752,28402,681.037,-0.0239011,354,11833
11762,28436,680.842,-0.019423,343,11852
11772,28472,680.685,-0.0157839,333,11870
11782,28505,683.054,0.236986,340,11833
11792,28540,683.731,0.0676781,336,11846
11802,28574,685.53,0.179904,319,11858
11812,28608,684.494,-0.103615,321,11833
11822,28642,684.901,0.0407045,339,11827
11832,28677,683.983,-0.0918281,334,11858
11842,28710,684.486,0.050283,330,11821
11852,28745,683.645,-0.0840442,334,11846
11862,28779,684.211,0.0566085,333,11858
11872,28814,683.422,-0.0789039,322,11839
11882,28847,685.279,0.185692,337,11821
11892,28882,684.29,-0.0989116,341,11852
11902,28916,684.735,0.0445266,326,11852
11912,28950,683.848,-0.0887221,334,11839
11922,28984,684.376,0.052807,351,11821
11932,29018,683.556,-0.0819931,335,11852
11942,29052,682.89,-0.0666309,322,11864
11952,29088,682.349,-0.054147,325,11852
11962,29120,684.407,0.20581,340,11821
11972,29156,683.581,-0.0825625,327,11846
11982,29190,685.408,0.182719,318,11858
11992,29224,684.395,-0.101328,326,11827
12002,29258,686.07,0.167469,346,11833
12012,29294,684.932,-0.11372,333,11846
12022,29327,688.485,0.355289,332,11827
12032,29362,687.716,-0.0769138,336,11858
12042,29396,690.092,0.237559,333,11852
12052,29430,685.824,-0.426799,325,11821
12062,29464,686.18,0.035647,336,11827
12072,29498,683.567,-0.261374,326,11870
12082,29533,682.058,-0.150834,314,11864
12092,29567,684.007,0.194901,328,11821
12102,29601,685.132,0.112474,339,11833
12112,29636,685.781,0.0649068,322,11852
12122,29670,686.156,0.0374566,313,11876
12132,29704,686.372,0.0216155,327,11827
12142,29738,686.496,0.0124739,337,11821
12152,29773,683.749,-0.274747,320,11852
12162,29808,684.983,0.123394,311,11870
12172,29842,688.514,0.353153,324,11827
12182,29876,690.552,0.203799,337,11839
12192,29910,688.909,-0.164336,320,11846
12202,29945,685.141,-0.376781,318,11852
12212,29980,685.786,0.0645115,324,11852
12222,30014,687.2,0.141399,326,11852
12232,30048,688.349,0.114907,320,11827
12242,30082,688.034,-0.0315284,331,11833
12252,30117,686.529,-0.150528,320,11870
12262,30152,686.555,0.00258144,317,11858
12272,30186,687.825,0.127004,326,11821
12282,30220,688.857,0.103209,331,11833
12292,30254,688.446,-0.0410347,313,11870
12302,30290,686.864,-0.158253,310,11870
12312,30323,688.076,0.12121,326,11827
12322,30358,687.812,-0.0264062,321,11846
12332,30392,688.846,0.103448,309,11858
12342,30427,687.189,-0.165747,308,11846
12352,30461,688.34,0.11512,321,11833
12362,30496,688.027,-0.0313551,321,11858
12372,30530,689.021,0.0994258,313,11852
12382,30564,688.58,-0.0441088,312,11870
12392,30599,688.221,-0.0358446,314,11852
12402,30634,687.93,-0.0291288,317,11846
12412,30668,688.942,0.101235,316,11833
12422,30702,689.765,0.0822677,319,11858
12432,30737,689.185,-0.0580522,310,11870
12442,30772,688.713,-0.0471756,317,11833
12452,30805,689.579,0.0865695,322,11839
12462,30840,689.033,-0.0545564,317,11858
12472,30874,688.59,-0.0443347,306,11870
12482,30910,686.98,-0.160934,314,11839
12492,30944,689.42,0.243937,322,11846
12502,30978,690.153,0.0733268,308,11858
12512,31012,690.749,0.0595883,307,11833
12522,31047,688.735,-0.201389,311,11858
12532,31081,688.347,-0.0387503,315,11852
12542,31116,688.032,-0.0314901,309,11858
12552,31150,689.026,0.0993161,312,11846
12562,31186,688.584,-0.0441979,310,11864
12572,31220,690.723,0.213895,306,11858
12582,31254,691.212,0.0489139,310,11839
12592,31288,691.609,0.0397494,314,11846
12602,31324,689.434,-0.21751,305,11870
12612,31358,690.165,0.0730546,301,11858
12622,31392,690.758,0.0593671,308,11846
12632,31426,691.241,0.0482442,314,11839
12642,31462,689.135,-0.210607,299,11870
12652,31496,689.921,0.0786644,303,11858
12662,31530,690.561,0.0639259,308,11858
12672,31564,691.08,0.0519488,309,11846
12682,31600,689.004,-0.207597,304,11852
12692,31634,689.815,0.0811109,311,11846
12702,31668,690.474,0.065914,311,11864
12712,31703,691.01,0.0535644,310,11864
12722,31738,690.196,-0.0813776,309,11846
12732,31772,690.784,0.0587755,314,11858
12742,31807,691.262,0.0477633,302,11870
12752,31842,691.65,0.0388144,302,11852
12762,31876,691.965,0.0315422,309,11839
12772,31911,692.222,0.0256325,309,11864
12782,31945,692.43,0.02083,296,11858
12792,31979,692.374,-0.00554701,306,11852
12802,32014,692.319,-0.00549362,309,11858
12812,32050,692.265,-0.00544074,300,11876
12822,32084,692.34,0.00744479,300,11839
12832,32118,692.413,0.00737314,313,11846
12842,32152,692.422,0.000885586,301,11870
12852,32188,690.095,-0.232739,293,11870
12862,32222,690.701,0.0606789,301,11839
12872,32256,691.195,0.0493102,307,11858
12882,32291,691.595,0.0400714,292,11870
12892,32326,690.672,-0.0923425,289,11876
12902,32360,691.171,0.0498649,303,11833
12912,32394,691.576,0.0405223,305,11858
12922,32430,690.656,-0.0919762,290,11870
12932,32464,691.158,0.0501626,296,11852
12942,32498,691.565,0.0407642,306,11858
12952,32534,691.897,0.0331266,296,11876
12962,32568,692.166,0.0269201,294,11839
12972,32603,692.384,0.0218763,304,11858
12982,32637,693.811,0.142684,304,11870
12992,32673,692.473,-0.133862,292,11870
13002,32706,693.883,0.141031,308,11833
13012,32742,692.531,-0.135205,308,11864
13022,32776,693.93,0.139939,293,11876
13032,32811,692.569,-0.136092,292,11858
13042,32844,693.962,0.139219,310,11833
13052,32880,688.057,-0.590462,300,11864
13062,32914,690.288,0.223145,289,11870
13072,32950,688.757,-0.153172,295,11858
13082,32984,696.331,0.757442,311,11852
13092,33019,695.063,-0.126783,296,11870
13102,33054,697.151,0.208781,289,11876
13112,33088,695.537,-0.161461,297,11858
13122,33122,694.605,-0.0931766,299,11858
13132,33158,691.248,-0.335716,290,11852
13142,33192,692.13,0.0882095,297,11852
13152,33226,692.639,0.0509041,301,11864
13162,33262,692.932,0.0293759,296,11882
13172,33297,693.102,0.0169523,293,11858
13182,33331,696.019,0.291728,302,11858
13192,33366,697.703,0.168351,287,11876
13202,33401,695.855,-0.184793,282,11870
13212,33436,694.788,-0.106641,291,11846
13222,33470,696.993,0.220405,302,11858
13232,33504,695.445,-0.154753,289,11858
13242,33540,691.732,-0.371251,291,11876
13252,33574,692.032,0.0299935,294,11864
13262,33610,692.276,0.0243739,287,11876
13272,33644,694.972,0.26962,287,11839
13282,33678,694.957,-0.00157753,297,11846
13292,33714,694.941,-0.00156235,290,11882
13302,33748,694.925,-0.00154731,289,11870
13312,33782,694.91,-0.00153242,304,11821
13322,33816,694.895,-0.00151767,309,11852
13332,33852,694.752,-0.0143362,296,11864
13342,33888,694.738,-0.00136508,288,11889
13352,33922,694.853,0.0114812,296,11876
13362,33957,694.966,0.0113707,282,11864
13372,33992,695.015,0.0048447,272,11858
13382,34026,694.999,-0.00161852,271,11864
13392,34060,694.983,-0.00160294,285,11846
13402,34096,694.903,-0.0080041,291,11864
13412,34130,694.888,-0.00151047,291,11870
13422,34166,694.873,-0.00149593,288,11876
13432,34200,694.986,0.0113516,288,11864
13442,34235,694.97,-0.00159079,285,11858
13452,34269,695.019,0.0048411,292,11846
13462,34304,694.938,-0.00803866,288,11882
13472,34340,694.923,-0.00154471,283,11907
13482,34374,694.972,0.00488674,283,11852
13492,34408,695.914,0.0942106,297,11852
13502,34443,695.43,-0.0483469,287,11858
13512,34478,693.788,-0.164195,279,11882
13522,34514,693.703,-0.00852521,282,11876
13532,34548,696.132,0.242885,293,11870
13542,34583,696.857,0.0724716,279,11858
13552,34618,697.446,0.0588934,277,11864
13562,34652,696.675,-0.0770471,280,11864
13572,34688,696.049,-0.0626116,290,11870
13582,34722,696.789,0.0740255,289,11852
13592,34757,696.142,-0.0647501,292,11864
13602,34792,696.865,0.0722877,282,11889
13612,34828,696.203,-0.0661623,277,11876
13622,34862,698.163,0.196046,290,11839
13632,34896,698.508,0.0344089,291,11858
13642,34931,697.538,-0.0969441,282,11882
13652,34966,695.501,-0.203687,274,11901
13662,35000,695.095,-0.0406181,287,11852
13672,35036,694.765,-0.0330079,282,11864
13682,35070,695.746,0.0980827,267,11889
13692,35106,695.294,-0.0452003,264,11889
13702,35140,697.425,0.213081,279,11858
13712,35176,696.658,-0.0766543,278,11876
13722,35210,698.533,0.18752,268,11876
13732,35246,697.559,-0.097426,268,11870
13742,35280,699.265,0.17064,285,11852
13752,35315,698.154,-0.111143,283,11864
13762,35350,698.5,0.0345866,277,11882
13772,35386,697.532,-0.0967997,275,11889
13782,35420,699.243,0.171149,279,11870
13792,35455,699.385,0.0141765,273,11858
13802,35490,699.5,0.0115204,276,11858
13812,35525,698.345,-0.115544,272,11889
13822,35560,698.655,0.0310102,278,11876
13832,35594,698.907,0.0252002,282,11864
13842,35628,697.863,-0.104428,286,11870
13852,35664,695.765,-0.209768,272,11882
13862,35700,695.309,-0.04556,269,11882
13872,35734,697.437,0.212789,277,11858
13882,35768,699.167,0.172921,277,11864
13892,35804,698.074,-0.10929,268,11876
13902,35839,697.185,-0.0888136,269,11882
13912,35874,697.713,0.0527327,276,11864
13922,35908,699.39,0.167759,279,11852
13932,35944,698.256,-0.113485,275,11876
13942,35979,698.582,0.0326839,271,11895
13952,36013,698.848,0.0265603,271,11864
13962,36048,699.064,0.021584,276,11864
13972,36084,697.99,-0.107366,267,11895
13982,36119,698.367,0.0376561,256,11895
13992,36153,699.922,0.155507,263,11858
14002,36188,699.936,0.00146515,270,11864
14012,36223,698.699,-0.123716,268,11870
14022,36258,697.694,-0.100536,261,11901
14032,36293,698.126,0.0432063,272,11870
14042,36328,698.477,0.0351112,274,11870
14052,36363,698.762,0.0285328,262,11882
14062,36398,698.994,0.0231869,264,11870
14072,36432,699.183,0.0188426,275,11852
14082,36468,698.087,-0.109594,277,11889
14092,36502,698.445,0.0358457,270,11882
14102,36538,697.487,-0.0957765,271,11876
14112,36573,699.207,0.171981,271,11882
14122,36608,699.215,0.000762974,261,11870
14132,36642,699.287,0.00717221,261,11870
14142,36678,699.229,-0.00572999,265,11870
14152,36713,699.237,0.000741749,264,11907
14162,36748,699.244,0.00073461,267,11852
14172,36782,699.316,0.00714412,286,11944
14182,36818,699.258,-0.00575781,285,11895
14192,36853,699.265,0.000714196,281,11895
14202,36888,699.272,0.000707322,277,11889
14212,36923,699.343,0.0071171,280,11889
14222,36958,699.35,0.000632013,263,11864
14232,36993,699.356,0.00062593,259,11870
14242,37028,699.362,0.000619905,259,11870
14252,37063,699.368,0.000613939,268,11876
14262,37098,699.374,0.00060803,267,11876
14272,37133,699.38,0.000602178,270,11882
14282,37168,699.386,0.000596382,262,11882
14292,37204,699.392,0.000590642,261,11889
14302,37238,699.462,0.00700154,261,11864
14312,37273,699.467,0.000517568,264,11876
14322,37308,699.473,0.000512586,256,11889
14332,37344,699.413,-0.00590893,257,11876
14342,37378,699.483,0.00698111,272,11852
14352,37412,699.488,0.000497333,275,11864
14362,37448,699.429,-0.00592404,271,11882
14372,37484,699.37,-0.00586702,267,11907
14382,37519,699.441,0.00702262,266,11907
14392,37554,699.574,0.0133716,254,11864
14402,37588,700.903,0.132882,258,11852
14412,37624,699.485,-0.141827,256,11889
14422,37659,699.581,0.00965194,254,11901
14432,37694,699.66,0.00784356,261,11876
14442,37728,700.973,0.13128,276,11864
14452,37764,699.541,-0.143129,262,11882
14462,37799,699.627,0.00859394,253,11901
14472,37834,699.697,0.00698378,257,11882
14482,37868,701.003,0.130582,271,11864
14492,37904,699.566,-0.143697,256,11895
14502,37940,699.647,0.00813254,247,11901
14512,37974,700.962,0.131515,259,11846
14522,38008,702.031,0.106874,277,11858
14532,38044,700.402,-0.162962,269,11882
14542,38080,699.077,-0.132429,262,11901
14552,38116,700.499,0.142195,260,11913
14562,38150,704.153,0.365366,257,11882
14572,38185,704.624,0.0470986,256,11846
14582,38220,703.758,-0.0866319,254,11876
14592,38256,701.804,-0.195307,256,11889
14602,38290,702.715,0.0910981,262,11876
14612,38324,702.207,-0.0508762,283,11846
14622,38360,700.544,-0.16625,276,11870
14632,38395,699.193,-0.135102,263,11895
14642,38431,699.344,0.0151171,259,11907
14652,38466,701.965,0.262097,261,11889
14662,38501,702.846,0.0880846,249,11889
14672,38536,703.562,0.0715811,244,11876
14682,38572,702.895,-0.0667365,247,11876
14692,38606,703.601,0.0706734,258,11870
14702,38642,702.927,-0.0674741,262,11889
14712,38677,703.627,0.070074,258,11901
14722,38712,702.948,-0.0679612,258,11864
14732,38746,703.644,0.0696782,265,11876
14742,38782,701.713,-0.193189,260,11882
14752,38818,701.392,-0.0320871,252,11901
14762,38852,702.38,0.0988309,256,11876
14772,38888,703.183,0.080314,260,11889
14782,38922,703.836,0.0652664,251,11876
14792,38958,701.868,-0.196774,247,11895
14802,38994,702.767,0.0899057,248,11889
14812,39028,703.498,0.073061,252,11889
14822,39062,704.091,0.0593723,260,11852
14832,39098,702.076,-0.201564,266,11876
14842,39133,700.438,-0.163799,259,11895
14852,39169,700.356,-0.00820363,258,11895
14862,39204,702.787,0.243146,265,11870
14872,39239,703.514,0.072684,256,11889
14882,39274,704.105,0.059066,243,11901
14892,39310,703.336,-0.0769068,244,11889
14902,39344,703.96,0.0624086,256,11876
14912,39380,703.218,-0.0741905,255,11889
14922,39416,703.864,0.064616,247,11901
14932,39450,704.389,0.0525096,251,11870
14942,39485,704.816,0.0426715,264,11870
14952,39520,703.914,-0.0902297,258,11882
14962,39556,701.931,-0.198231,252,11901
14972,39592,702.818,0.0887223,251,11895
14982,39626,704.789,0.197006,256,11882
14992,39661,705.14,0.0351885,252,11864
15002,39696,704.177,-0.0963106,257,11870
15012,39731,702.146,-0.203172,254,11889
15022,39767,701.744,-0.0401997,256,11895
15032,39802,702.666,0.0922383,260,11858
15042,39836,703.416,0.0749566,263,11882
15052,39872,702.776,-0.0639935,249,11895
15062,39908,702.256,-0.0520037,242,11919
15072,39943,703.082,0.0826459,243,11889
15082,39978,705.003,0.192068,240,11889
15092,40012,705.314,0.0311758,234,11876
15102,40048,703.07,-0.224478,237,11889
15112,40084,702.495,-0.0575135,241,11895
15122,40120,703.276,0.0781684,248,11876
15132,40154,706.41,0.313335,256,11870
15142,40190,706.458,0.00481653,251,11907
15152,40225,706.497,0.00391411,244,11895
15162,40260,705.28,-0.121725,250,11858
15172,40294,705.54,0.0259872,260,11870
15182,40330,703.253,-0.228694,250,11882
15192,40365,702.643,-0.06094,245,11907
15202,40400,702.148,-0.0495223,247,11889
15212,40436,702.995,0.0846624,254,11882
15222,40472,703.683,0.0688001,237,11895
15232,40506,705.491,0.180816,238,11882
15242,40542,705.711,0.0220322,242,11870
15252,40576,705.89,0.0179043,253,11889
15262,40612,703.537,-0.235263,246,11895
15272,40648,704.124,0.0586284,243,11907
15282,40682,704.6,0.0476438,251,11870
15292,40718,704.987,0.0387173,252,11876
15302,40753,705.302,0.0314633,249,11889
15312,40788,704.309,-0.0993379,245,11901
15322,40824,704.75,0.0441802,248,11889
15332,40860,705.109,0.0359026,252,11882
15342,40894,706.65,0.154082,247,11882
15352,40930,706.653,0.000307204,243,11901
15362,40964,706.656,0.000249647,247,11882
15372,41000,704.16,-0.24961,252,11882
15382,41035,704.629,0.0469696,253,11882
15392,41070,703.762,-0.0867369,242,11901
15402,41106,704.306,0.0544203,246,11889
15412,41142,704.749,0.0442242,246,11895
15422,41176,706.357,0.160845,243,11901
15432,41212,706.36,0.000298088,238,11889
15442,41246,706.363,0.000295219,242,11882
15452,41282,706.237,-0.0125408,240,11895
15462,41318,706.242,0.000413081,241,11882
15472,41352,706.246,0.000409105,241,11882
15482,41388,706.25,0.000405168,245,11889
15492,41423,706.254,0.000401268,239,11889
15502,41458,706.194,-0.00601918,243,11889
15512,41494,706.198,0.00045534,244,11895
15522,41530,706.203,0.000450957,240,11901
15532,41564,706.271,0.0068632,246,11864
15542,41600,706.275,0.000380559,256,11870
15552,41634,706.279,0.000376896,258,11876
15562,41670,706.154,-0.0124599,251,11907
15572,41706,706.159,0.000493194,248,11913
15582,41742,706.164,0.000488447,244,11895
15592,41776,706.297,0.0133169,242,11858
15602,41812,706.301,0.000355572,238,11889
15612,41846,706.304,0.00035215,236,11901
15622,41882,706.179,-0.0124844,240,11901
15632,41917,706.184,0.000468921,252,11870
15642,41952,706.125,-0.00595218,244,11889
15652,41988,706.13,0.000521697,234,11913
15662,42024,706.135,0.000516675,238,11889
15672,42058,706.204,0.00692829,249,11870
15682,42094,706.209,0.000445019,245,11901
15692,42130,706.213,0.000440735,235,11913
15702,42164,706.218,0.000436493,237,11876
15712,42200,706.222,0.000432292,248,11876
15722,42235,706.226,0.000428131,241,11889
15732,42271,706.166,-0.00599257,234,11913
15742,42306,706.235,0.00689827,234,11901
15752,42342,706.239,0.000415293,240,11901
15762,42376,706.308,0.00682788,235,11876
15772,42412,706.247,-0.00607101,231,11907
15782,42448,706.251,0.000404011,234,11901
15792,42483,706.255,0.000400123,237,11901
15802,42518,706.323,0.00681286,245,11876
15812,42553,706.326,0.000330699,243,11889
15822,42588,706.265,-0.00608907,240,11913
15832,42624,706.205,-0.00603046,236,11913
15842,42660,706.21,0.000444165,235,11895
15852,42695,706.278,0.00685647,230,11895
15862,42730,706.346,0.00679048,229,11882
15872,42782,706.349,0.00030854,238,11882
15882,42800,706.267,-0.00824988,242,11882
15892,42836,706.249,-0.00175389,245,11901
15902,42872,706.296,0.00467958,241,11907
15912,42924,707.677,0.138102,243,11882
15922,42942,708.023,0.0346074,245,11882
15932,42978,708.334,0.0311199,241,11889
15942,43014,708.614,0.0279838,234,11907
15952,43048,709.761,0.114741,238,11889
15962,43102,709.45,-0.0311878,235,11901
15972,43136,709.169,-0.0280448,237,11882
15982,43172,707.573,-0.159584,232,11907
15992,43208,707.482,-0.00913664,234,11913
16002,43243,707.4,-0.0082159,240,11876
16012,43278,707.998,0.0597949,248,11882
16022,43313,707.864,-0.0134137,240,11901
16032,43348,707.071,-0.0792448,235,11919
16042,43384,706.359,-0.071259,232,11913
16052,43420,706.39,0.00310493,222,11919
16062,43456,707.089,0.0699749,213,11889
16072,43491,708.39,0.130106,215,11889
16082,43526,708.889,0.0498119,218,11901
16092,43544,708.665,-0.0223907,220,11907
16102,43580,708.463,-0.0201343,229,11889
16112,43632,709.376,0.0912449,233,11907
16122,43668,709.701,0.0325139,235,11895
16132,43704,709.965,0.0264221,236,11889
16142,43738,710.18,0.0214717,248,11882
16152,43774,709.522,-0.0658221,245,11889
16162,43809,708.987,-0.0534897,241,11913
16172,43845,707.303,-0.168374,237,11913
16182,43880,708.433,0.112985,238,11901
16192,43916,708.102,-0.0330902,225,11907
16202,43951,709.082,0.0980158,223,11895
16212,43986,708.63,-0.0452546,227,11889
16222,44022,708.262,-0.0367757,236,11889
16232,44057,707.963,-0.0298855,232,11901
16242,44092,707.72,-0.0242861,229,11919
16252,44128,707.523,-0.0197359,226,11901
16262,44164,707.362,-0.0160382,224,11907
16272,44199,708.481,0.111873,222,11895
16282,44234,709.39,0.0909125,221,11895
16292,44270,708.88,-0.051027,226,11907
16302,44306,708.465,-0.0414666,229,11895
16312,44340,708.956,0.0490581,238,11882
16322,44376,708.725,-0.0230685,234,11901
16332,44412,708.518,-0.0207438,224,11913
16342,44448,708.331,-0.0186534,227,11901
16352,44482,709.507,0.117592,240,11876
16362,44518,709.221,-0.0286238,233,11889
16372,44553,708.963,-0.0257393,229,11907
16382,44588,708.06,-0.0903283,230,11907
16392,44624,708.047,-0.00134121,240,11889
16402,44660,708.033,-0.0013283,227,11895
16412,44695,708.084,0.00510107,220,11907
16422,44730,708.135,0.00505197,225,11889
16432,44766,708.121,-0.00141323,235,11882
16442,44802,708.107,-0.00139963,228,11895
16452,44837,708.157,0.00503042,227,11907
16462,44872,709.127,0.0969805,231,11895
16472,44908,708.666,-0.0460959,235,11895
16482,44943,708.291,-0.0374594,231,11889
16492,44980,707.987,-0.030441,227,11919
16502,45014,710.238,0.225075,226,11907
16512,45050,709.569,-0.0669075,228,11901
16522,45085,710.274,0.0705345,234,11870
16532,45120,708.349,-0.192493,228,11901
16542,45156,708.034,-0.0315216,224,11919
16552,45192,707.778,-0.0256158,224,11907
16562,45226,708.819,0.10409,233,11882
16572,45262,708.415,-0.0403186,224,11895
16582,45298,708.088,-0.0327645,222,11907
16592,45334,707.822,-0.0266258,224,11907
16602,45369,710.103,0.228175,232,11895
16612,45404,710.708,0.0605183,224,11895
16622,45440,709.951,-0.0757266,224,11901
16632,45475,709.336,-0.0615385,222,11907
16642,45510,708.836,-0.0500087,226,11901
16652,45546,708.429,-0.0406391,227,11889
16662,45582,708.099,-0.033025,229,11901
16672,45617,709.08,0.0980688,223,11907
16682,45652,709.121,0.00409401,225,11895
16692,45688,709.097,-0.00236198,231,11882
16702,45724,709.074,-0.00233924,229,11901
16712,45760,709.115,0.00409986,224,11907
16722,45795,711.154,0.203947,224,11901
16732,45830,711.562,0.040829,234,11882
16742,45866,710.645,-0.0917269,227,11907
16752,45901,709.9,-0.074541,226,11907
16762,45937,709.294,-0.0605751,225,11907
16772,45972,710.051,0.0756805,235,11876
16782,46008,709.417,-0.0634052,228,11907
16792,46043,710.151,0.0733806,224,11913
16802,46078,709.498,-0.0652742,223,11901
16812,46114,708.967,-0.0530445,231,11895
16822,46150,708.536,-0.0431061,226,11901
16832,46186,709.435,0.0898765,221,11907
16842,46220,711.415,0.197944,221,11895
16852,46256,710.525,-0.0889555,229,11889
16862,46292,709.802,-0.0722889,226,11907
16872,46327,709.215,-0.0587449,219,11907
16882,46362,709.986,0.0771678,228,11882
16892,46398,709.364,-0.0621966,236,11889
16902,46433,708.859,-0.0505435,237,11889
16912,46470,708.448,-0.0410737,230,11907
16922,46505,710.613,0.216434,229,11907
16932,46541,711.122,0.0509771,223,11907
16942,46576,712.786,0.166332,227,11876
16952,46611,711.639,-0.114644,225,11895
16962,46646,710.708,-0.0931644,224,11907
16972,46682,708.701,-0.200615,224,11926
16982,46718,708.32,-0.038122,233,11895
16992,46754,709.259,0.0939267,224,11913
17002,46789,711.272,0.201235,220,11895
17012,46824,711.658,0.0386254,220,11901
17022,46860,710.723,-0.0935176,229,11889
17032,46896,709.963,-0.0759962,224,11901
17042,46931,710.594,0.0631486,220,11919
17052,46966,711.108,0.0513171,223,11895
17062,47001,710.275,-0.0832038,227,11889
17072,47036,708.35,-0.192521,226,11895
17082,47072,706.786,-0.15645,221,11913
17092,47108,706.763,-0.00223176,220,11932
17102,47145,707.994,0.123093,209,11926
17112,47180,711.493,0.349843,203,11907
17122,47216,713.087,0.15939,204,11895
17132,47250,714.382,0.129527,211,11889
17142,47286,711.687,-0.26946,218,11895
17152,47322,710.747,-0.0940679,227,11907
17162,47358,709.982,-0.0764434,227,11913
17172,47393,711.859,0.187691,223,11907
17182,47428,712.135,0.0276195,221,11889
17192,47463,711.111,-0.102462,231,11882
17202,47499,709.029,-0.208171,229,11901
17212,47534,708.586,-0.0442617,227,11913
17222,47570,708.227,-0.0359688,221,11926
17232,47606,709.184,0.0956765,220,11913
17242,47642,709.961,0.0777506,207,11901
17252,47678,711.842,0.18809,204,11907
17262,47713,713.37,0.152849,210,11913
17272,47748,713.363,-0.000694754,212,11907
17282,47784,712.109,-0.125471,217,11913
17292,47820,711.089,-0.101963,214,11919
17302,47856,711.51,0.0420472,219,11889
17312,47891,713.1,0.159075,218,11907
17322,47926,713.144,0.00436499,221,11901
17332,47962,711.93,-0.121359,221,11901
17342,47998,710.944,-0.0986213,220,11919
17352,48033,711.392,0.0447625,219,11895
17362,48068,711.756,0.0363759,230,11870
17372,48104,710.802,-0.0953457,227,11895
17382,48138,710.027,-0.0774818,227,11913
17392,48175,708.149,-0.187871,221,11926
17402,48211,709.12,0.0971408,221,11919
17412,48246,709.909,0.0789405,206,11913
17422,48282,711.8,0.189057,206,11895
17432,48318,712.087,0.0287288,210,11895
17442,48353,712.321,0.0233462,213,11907
17452,48388,712.51,0.0189721,222,11895
17462,48424,711.416,-0.109489,223,11913
17472,48460,710.526,-0.088975,223,11889
17482,48496,711.052,0.0526015,221,11895
17492,48531,712.728,0.167652,225,11901
17502,48567,712.842,0.0113349,222,11907
17512,48602,712.934,0.00921119,219,11913
17522,48638,711.76,-0.117421,218,11907
17532,48672,712.054,0.0294853,231,11870
17542,48708,709.796,-0.225852,230,11889
17552,48744,709.21,-0.0586299,231,11907
17562,48780,708.733,-0.047645,227,11919
17572,48816,710.844,0.211094,228,11913
17582,48852,712.56,0.171544,207,11932
17592,48887,713.954,0.139403,203,11907
17602,48922,713.837,-0.0116214,205,11901
17612,48958,712.494,-0.13435,208,11913
17622,48994,711.402,-0.109178,212,11901
17632,49030,711.764,0.0361834,218,11907
17642,49065,713.307,0.15431,218,11907
17652,49100,713.312,0.000492604,217,11913
17662,49136,712.067,-0.124506,221,11889
17672,49172,711.055,-0.101179,223,11901
17682,49208,711.482,0.0426844,220,11919
17692,49244,713.078,0.159593,219,11907
17702,49278,714.375,0.129692,230,11876
17712,49314,712.931,-0.144419,228,11901
17722,49349,711.757,-0.117361,220,11926
17732,49386,709.554,-0.220279,216,11932
17742,49421,711.511,0.195711,218,11913
17752,49457,711.853,0.0341367,203,11919
17762,49492,713.379,0.152647,202,11907
17772,49528,712.122,-0.125765,206,11907
17782,49564,712.349,0.0227043,212,11913
17792,49600,712.533,0.0184505,215,11901
17802,49634,713.932,0.1399,223,11901
17812,49670,712.571,-0.136124,221,11913
17822,49706,711.465,-0.11062,218,11919
17832,49742,710.566,-0.0898943,217,11901
17842,49778,712.333,0.176761,216,11919
17852,49813,713.77,0.143643,213,11901
17862,49849,713.688,-0.00817617,214,11895
17872,49884,713.622,-0.00664429,217,11895
17882,49920,712.318,-0.130306,216,11919
17892,49956,712.509,0.0190146,218,11907
17902,49992,712.663,0.015452,221,11913
17912,50026,714.038,0.137463,218,11907
17922,50062,712.657,-0.138104,213,11907
17932,50098,711.534,-0.112229,210,11926
17942,50134,710.622,-0.091202,208,11901
17952,50169,712.379,0.175698,217,11882
17962,50205,712.558,0.0178731,214,11907
17972,50240,712.703,0.0145244,215,11907
17982,50276,711.572,-0.113103,214,11913
17992,50312,711.902,0.0329941,222,11901
18002,50348,712.17,0.0268123,217,11901
18012,50383,713.637,0.146695,214,11907
18022,50419,713.58,-0.0056959,214,11919
18032,50454,713.534,-0.00462872,213,11919
18042,50490,712.247,-0.128668,220,11895
18052,50526,712.451,0.0203456,216,11901
18062,50562,712.616,0.0165337,210,11926
18072,50598,714,0.138342,212,11913
18082,50632,715.124,0.112422,215,11901
18092,50668,713.539,-0.158453,207,11919
18102,50704,712.252,-0.128766,203,11926
18112,50740,711.205,-0.10464,207,11907
18122,50776,712.853,0.164778,207,11913
18132,50811,714.192,0.133905,205,11901
18142,50846,714.031,-0.0160896,214,11895
18152,50882,712.651,-0.137981,216,11901
18162,50918,711.53,-0.112129,219,11907
18172,50954,711.868,0.0337855,215,11926
18182,50990,713.392,0.152362,213,11919
18192,51025,714.63,0.123815,203,11913
18202,51060,714.387,-0.0242889,203,11895
18212,51096,712.94,-0.144644,204,11913
18222,51132,711.765,-0.117544,202,11919
18232,51167,712.059,0.0293853,214,11889
18242,51202,712.298,0.0238797,223,11895
18252,51238,711.243,-0.105501,224,11901
18262,51275,710.385,-0.0857341,218,11926
18272,51310,712.187,0.180141,217,11926
18282,51346,713.651,0.14639,208,11932
18292,51382,714.84,0.118963,212,11882
18302,51417,714.558,-0.0282323,211,11907
18312,51452,714.328,-0.0229427,213,11913
18322,51489,712.893,-0.14355,212,11932
18332,51524,712.975,0.00825132,220,11913
18342,51560,713.042,0.00670535,210,11907
18352,51596,714.346,0.130355,202,11926
18362,51632,714.156,-0.0189742,203,11901
18372,51666,715.251,0.109487,215,11889
18382,51702,713.643,-0.160839,214,11919
18392,51738,712.336,-0.130704,212,11919
18402,51774,711.274,-0.106216,214,11907
18412,51810,712.909,0.163497,216,11901
18422,51845,714.237,0.132865,211,11901
18432,51882,714.068,-0.016935,204,11919
18442,51916,715.179,0.111144,214,11895
18452,51952,713.584,-0.159492,218,11901
18462,51988,713.537,-0.00470363,216,11919
18472,52024,712.25,-0.128729,211,11926
18482,52060,712.325,0.00745922,208,11932
18492,52096,712.399,0.00738743,205,11907
18502,52130,713.823,0.142421,211,11889
18512,52166,712.482,-0.134076,211,11901
18522,52202,711.392,-0.108955,213,11913
18532,52238,710.507,-0.0885415,214,11926
18542,52274,714.522,0.401475,215,11913
18552,52310,716.839,0.231684,206,11907
18562,52345,718.176,0.133701,207,11907
18572,52380,716.128,-0.204789,208,11907
18582,52416,712.126,-0.400125,214,11901
18592,52452,709.817,-0.230905,213,11926
18602,52488,711.304,0.148694,211,11919
18612,52523,714.982,0.367754,215,11895
18622,52559,714.285,-0.0697209,214,11901
18632,52594,713.882,-0.0402347,212,11907
18642,52632,710.831,-0.305164,204,11932
18652,52666,717.528,0.66973,210,11907
18662,52702,715.754,-0.1774,206,11907
18672,52738,717.55,0.17957,210,11889
18682,52774,712.947,-0.460263,211,11901
18692,52809,715.93,0.29828,215,11919
18702,52845,714.832,-0.109813,213,11932
18712,52881,714.198,-0.063371,213,11919
18722,52916,713.832,-0.0365703,203,11919
18732,52952,713.621,-0.0211041,202,11907
18742,52988,713.567,-0.0053954,206,11895
18752,53023,713.524,-0.00438452,217,11895
18762,53058,713.488,-0.00356304,213,11913
18772,53095,713.422,-0.00656533,215,11926
18782,53131,713.421,-8.55534e-05,203,11938
18792,53167,713.485,0.00633185,200,11913
18802,53202,713.612,0.0126875,206,11882
18812,53238,713.609,-0.000267789,211,11895
18822,53272,713.606,-0.000265211,211,11926
18832,53308,713.475,-0.0130958,214,11913
18842,53344,713.41,-0.0065532,218,11919
18852,53381,713.345,-0.00649012,201,11919
18862,53417,713.473,0.0128221,192,11926
18872,53452,713.6,0.0126987,199,11895
18882,53487,713.662,0.00615988,217,11876
18892,53522,712.351,-0.131057,216,11919
18902,53558,710.037,-0.231409,219,11926
18912,53594,709.406,-0.063146,219,11926
18922,53630,710.141,0.0735912,211,11938
18932,53666,711.989,0.184709,193,11926
18942,53702,713.49,0.150102,184,11932
18952,53738,714.709,0.121979,193,11889
18962,53774,715.701,0.0991254,203,11895
18972,53809,716.506,0.0805533,206,11919
18982,53846,715.912,-0.0594453,208,11926
18992,53880,716.678,0.0765985,213,11913
19002,53916,714.802,-0.187565,209,11907
19012,53952,714.527,-0.027517,207,11895
19022,53988,713.054,-0.147268,207,11907
19032,54024,714.356,0.130137,212,11926
19042,54060,715.413,0.105754,209,11907
19052,54096,716.272,0.0859403,210,11919
19062,54132,716.971,0.0698386,200,11919
19072,54167,717.538,0.0567537,201,11913
19082,54202,716.751,-0.0787859,206,11895
19092,54238,714.861,-0.188931,212,11907
19102,54274,713.326,-0.153533,212,11907
19112,54310,713.327,0.000139173,213,11932
19122,54346,714.577,0.125019,212,11913
19132,54382,715.593,0.101596,209,11913
19142,54416,716.419,0.0825609,211,11889
19152,54452,714.592,-0.18272,214,11895
19162,54488,713.107,-0.148486,216,11913
19172,54524,711.9,-0.120666,218,11913
19182,54560,713.418,0.151755,208,11919
19192,54596,714.651,0.123322,202,11932
19202,54632,715.653,0.100216,198,11919
19212,54667,716.468,0.08144,200,11901
19222,54703,715.88,-0.0587248,199,11913
19232,54739,715.403,-0.0477221,200,11926
19242,54774,715.015,-0.038781,204,11926
19252,54810,714.7,-0.031515,205,11895
19262,54846,714.444,-0.0256104,204,11907
19272,54882,714.236,-0.020812,203,11919
19282,54918,715.316,0.107994,207,11919
19292,54953,716.194,0.0877599,211,11907
19302,54988,715.658,-0.0535889,212,11913
19312,55024,713.973,-0.168455,208,11919
19322,55060,712.604,-0.136893,205,11926
19332,55096,712.741,0.0136612,207,11919
19342,55132,714.101,0.136008,207,11913
19352,55168,715.206,0.110526,207,11901
19362,55204,716.104,0.0898176,207,11913
19372,55240,716.834,0.0729894,209,11913
19382,55276,717.427,0.0593142,214,11907
19392,55310,717.909,0.0482011,213,11913
19402,55346,715.803,-0.210642,210,11919
19412,55382,714.091,-0.171176,205,11932
19422,55418,712.7,-0.139105,208,11901
19432,55454,714.068,0.13677,203,11926
19442,55490,715.179,0.111145,201,11907
19452,55526,716.082,0.0903209,204,11913
19462,55561,716.816,0.0733984,205,11913
19472,55597,716.164,-0.0652597,202,11926
19482,55632,715.634,-0.0530327,201,11913
19492,55668,713.954,-0.168003,201,11919
19502,55704,713.837,-0.0116196,197,11919
19512,55740,713.743,-0.00944258,200,11913
19522,55776,714.915,0.117233,201,11913
19532,55812,715.868,0.0952681,203,11913
19542,55847,716.642,0.0774188,209,11895
19552,55883,716.022,-0.0619926,212,11913
19562,55918,715.518,-0.0503777,207,11926
19572,55954,713.86,-0.165845,202,11932
19582,55990,713.761,-0.00986632,207,11913
19592,56026,713.681,-0.00801777,203,11913
19602,56062,714.865,0.118391,196,11926
19612,56098,715.827,0.0962091,202,11913
19622,56134,716.609,0.0781834,207,11907
19632,56170,717.244,0.063535,204,11926
19642,56206,717.761,0.0516311,197,11932
19652,56240,718.18,0.0419576,202,11907
19662,56277,716.023,-0.215716,199,11926
19672,56312,715.519,-0.0503934,199,11913
19682,56348,713.86,-0.165858,198,11913
19692,56384,715.011,0.11503,198,11913
19702,56420,714.696,-0.0314285,197,11932
19712,56454,715.69,0.0993661,206,11882
19722,56491,714,-0.169064,214,11901
19732,56526,713.875,-0.0124817,211,11913
19742,56562,712.524,-0.135049,209,11944
19752,56598,713.925,0.140066,210,11919
19762,56634,713.814,-0.011083,198,11926
19772,56670,714.973,0.1159,192,11913
19782,56706,715.915,0.0941848,200,11895
19792,56741,716.68,0.0765384,207,11895
19802,56777,716.053,-0.062708,214,11919
19812,56814,715.544,-0.0509591,215,11926
19822,56850,716.379,0.0834948,208,11938
19832,56886,718.306,0.192758,198,11944
19842,56920,719.873,0.156643,202,11895
19852,56956,717.398,-0.247425,203,11895
19862,56992,715.388,-0.201067,205,11907
19872,57028,713.754,-0.163395,206,11932
19882,57064,714.924,0.117031,212,11919
19892,57100,715.875,0.0951039,201,11926
19902,57136,716.648,0.0772853,196,11913
19912,57172,717.276,0.0628052,197,11901
19922,57206,717.786,0.051038,204,11901
19932,57242,715.703,-0.208337,208,11913
19942,57278,714.01,-0.169303,207,11926
19952,57314,712.634,-0.137583,206,11926
19962,57351,714.014,0.138007,195,11944
19972,57386,716.385,0.237057,200,11882
19982,57422,717.062,0.0677356,202,11901
19992,57458,717.613,0.0550447,203,11913
20002,57494,716.811,-0.0801747,201,11944
20012,57530,717.408,0.059753,203,11938
20022,57566,717.894,0.0485577,199,11919
20032,57602,718.288,0.03946,185,11938
20042,57638,718.609,0.0320668,184,11913
20052,57672,718.87,0.0260588,201,11882
20062,57708,716.583,-0.228636,207,11901
20072,57744,714.725,-0.185799,207,11932
20082,57780,714.648,-0.00775642,202,11944
20092,57816,714.699,0.0051514,206,11938
20102,57852,714.75,0.00510182,186,11944
20112,57888,714.801,0.00505271,179,11938
20122,57924,714.851,0.00500408,184,11901
20132,57958,714.9,0.00495592,192,11907
20142,57994,714.821,-0.00792495,196,11913
20152,58030,714.743,-0.00784867,198,11926
20162,58066,714.665,-0.00777313,200,11932
20172,58102,714.716,0.00513485,197,11919
20182,58138,714.767,0.00508543,206,11889
20192,58174,714.818,0.00503648,208,11901
20202,58210,714.867,0.00498801,210,11913
20212,58246,714.917,0.00494,211,11932
20222,58282,714.966,0.00489245,210,11926
20232,58318,715.014,0.00484536,197,11938
20242,58354,715.062,0.00479873,192,11919
20252,58389,715.11,0.00475254,196,11907
20262,58424,715.093,-0.00170979,197,11913
20272,58460,715.012,-0.00810992,201,11913
20282,58496,714.931,-0.00803186,204,11919
20292,58532,714.632,-0.0299383,199,11932
20302,58568,715.638,0.100577,198,11913
20312,58604,716.455,0.0817331,198,11901
20322,58640,717.119,0.0664196,205,11895
20332,58675,717.659,0.0539753,204,11919
20342,58712,716.848,-0.0810437,209,11913
20352,58747,717.439,0.0590468,204,11926
20362,58784,716.67,-0.0769224,202,11919
20372,58819,718.543,0.187302,191,11932
20382,58855,717.567,-0.0976031,192,11907
20392,58890,718.023,0.04559,203,11889
20402,58926,715.895,-0.212764,206,11913
20412,58962,715.415,-0.0479946,205,11932
20422,58998,715.025,-0.0390024,203,11932
20432,59034,715.957,0.0932113,203,11932
20442,59070,716.715,0.0757473,188,11932
20452,59106,717.33,0.0615553,179,11944
20462,59142,717.83,0.0500224,183,11907
20472,59178,718.237,0.0406502,192,11907
20482,59213,718.567,0.033034,193,11919
20492,59249,717.587,-0.0980614,194,11926
20502,59285,716.79,-0.0796887,196,11926
20512,59321,716.142,-0.0647583,200,11913
20522,59356,716.865,0.072281,201,11901
20532,59392,716.203,-0.0661677,204,11913
20542,59428,715.666,-0.0537706,202,11926
20552,59464,715.229,-0.0436962,206,11913
20562,59500,716.123,0.0893969,203,11919
20572,59536,716.849,0.0726476,197,11919
20582,59571,717.439,0.0590364,200,11907
20592,59608,716.67,-0.0769309,204,11895
20602,59643,717.294,0.0623891,203,11919
20612,59679,716.552,-0.0742063,198,11926
20622,59715,717.198,0.0646032,195,11956
20632,59751,716.474,-0.0724071,183,11926
20642,59787,717.135,0.0660653,180,11913
20652,59822,717.671,0.0536873,187,11895
20662,59858,716.859,-0.0812777,198,11901
20672,59894,716.198,-0.0660496,204,11913
20682,59930,715.661,-0.0536746,212,11919
20692,59966,716.474,0.0812881,210,11932
20702,60002,717.135,0.066058,201,11926
20712,60038,717.672,0.0536814,193,11926
20722,60074,718.108,0.0436237,191,11913
20732,60109,718.462,0.0354504,194,11907
20742,60145,717.501,-0.0960978,196,11926
20752,60180,716.72,-0.078093,196,11926
20762,60217,714.837,-0.188368,194,11926
20772,60252,715.804,0.0967372,194,11926
20782,60288,715.341,-0.0462937,191,11913
20792,60324,716.214,0.0872861,192,11907
20802,60360,715.674,-0.053974,200,11901
20812,60396,716.485,0.0810448,199,11932
20822,60432,717.143,0.0658603,201,11926
20832,60468,717.679,0.0535207,197,11926
20842,60504,718.114,0.0434931,197,11907
20852,60540,718.467,0.0353443,193,11913
20862,60576,718.754,0.0287222,193,11919
20872,60612,718.988,0.0233408,193,11932
20882,60647,719.177,0.0189677,197,11919
20892,60683,718.082,-0.109492,200,11913
20902,60719,717.193,-0.0889779,194,11938
20912,60755,716.47,-0.0723071,196,11907
20922,60790,717.131,0.0661466,206,11895
20932,60826,716.419,-0.0711528,209,11901
20942,60862,715.841,-0.0578217,205,11919
20952,60898,715.371,-0.0469883,203,11926
20962,60934,716.239,0.0867217,202,11938
20972,60970,716.943,0.0704735,198,11901
20982,61006,717.516,0.0572697,198,11907
20992,61042,717.981,0.0465397,192,11926
21002,61078,718.36,0.03782,191,11932
21012,61114,718.667,0.0307341,195,11926
21022,61150,718.917,0.0249758,191,11926
21032,61186,719.12,0.0202963,186,11919
21042,61222,719.285,0.0164936,184,11932
21052,61256,719.419,0.0134034,197,11895
21062,61292,717.029,-0.23892,199,11913
21072,61328,715.088,-0.194156,200,11926
21082,61364,713.51,-0.157779,198,11926
21092,61400,714.726,0.121595,202,11926
21102,61436,715.714,0.0988127,196,11926
21112,61472,716.517,0.0802992,185,11932
21122,61508,717.17,0.0652544,193,11901
21132,61544,717.7,0.0530284,196,11907
21142,61580,718.131,0.043093,199,11907
21152,61616,718.481,0.0350191,192,11944
21162,61652,718.766,0.028458,196,11932
21172,61688,718.997,0.0231261,191,11932
21182,61724,719.007,0.00096543,194,11907
21192,61759,719.016,0.000956138,195,11907
21202,61794,718.961,-0.00546965,194,11919
21212,61831,718.843,-0.0118336,198,11932
21222,61866,718.79,-0.00530311,199,11926
21232,61903,717.768,-0.102238,193,11932
21242,61938,719.435,0.16673,187,11926
21252,61974,718.292,-0.114321,190,11913
21262,62010,718.612,0.0320045,202,11895
21272,62046,717.623,-0.0988981,205,11907
21282,62082,718.068,0.0445376,205,11919
21292,62118,718.43,0.0361931,205,11932
21302,62154,718.724,0.029412,197,11907
21312,62190,718.963,0.0239014,181,11882
21322,62226,719.158,0.0194232,176,11907
21332,62261,719.315,0.0157841,179,11919
21342,62298,718.195,-0.112079,177,11926
21352,62333,718.533,0.0338259,188,11913
21362,62370,717.559,-0.0974179,194,11926
21372,62405,719.265,0.170647,194,11926
21382,62442,718.154,-0.111138,192,11919
21392,62476,719.749,0.159497,209,11882
21402,62512,717.298,-0.245105,210,11907
21412,62548,716.555,-0.0742759,211,11919
21422,62584,714.702,-0.185266,212,11919
21432,62620,715.695,0.0992579,210,11938
21442,62656,716.501,0.080661,194,11944
21452,62692,717.157,0.0655484,182,11944
21462,62728,717.69,0.0532673,186,11907
21472,62764,718.122,0.0432872,191,11907
21482,62799,718.474,0.0351769,194,11919
21492,62836,717.511,-0.09632,195,11926
21502,62872,717.977,0.0466327,198,11932
21512,62908,718.356,0.0378956,192,11938
21522,62943,719.913,0.155702,194,11901
21532,62979,718.681,-0.123283,195,11913
21542,63014,717.679,-0.100185,195,11926
21552,63050,715.615,-0.20632,195,11926
21562,63087,715.188,-0.0427581,199,11926
21572,63123,716.089,0.0901592,186,11950
21582,63159,718.071,0.198173,183,11919
21592,63194,719.682,0.161044,185,11907
21602,63230,718.492,-0.118942,195,11907
21612,63266,717.526,-0.096657,191,11926
21622,63302,716.74,-0.0785474,195,11932
21632,63338,717.351,0.0610754,189,11938
21642,63374,717.847,0.0496324,186,11938
21652,63410,718.251,0.0403333,171,11944
21662,63446,718.578,0.0327765,173,11919
21672,63482,718.845,0.0266355,179,11919
21682,63518,719.061,0.0216451,188,11919
21692,63553,719.237,0.0175897,194,11919
21702,63590,718.131,-0.110612,198,11932
21712,63625,718.481,0.0350183,198,11932
21722,63662,717.517,-0.0964489,195,11907
21732,63696,719.231,0.171434,200,11907
21742,63732,716.877,-0.235404,194,11932
21752,63768,716.213,-0.0663929,195,11926
21762,63804,714.424,-0.17886,196,11919
21772,63841,715.469,0.104464,197,11919
21782,63877,717.567,0.209798,189,11919
21792,63913,719.272,0.17049,189,11919
21802,63948,720.657,0.138547,193,11913
21812,63984,719.285,-0.137223,197,11926
21822,64020,718.17,-0.111513,195,11919
21832,64056,717.264,-0.0906202,196,11919
21842,64092,717.776,0.0512645,195,11919
21852,64128,718.193,0.0416597,195,11913
21862,64164,718.532,0.0338543,193,11919
21872,64200,718.807,0.0275114,194,11926
21882,64236,719.03,0.0223569,197,11907
21892,64272,719.212,0.0181681,201,11913
21902,64308,719.36,0.0147641,195,11932
21912,64343,719.48,0.0119979,192,11926
21922,64380,718.328,-0.115156,193,11919
21932,64415,718.641,0.0313256,191,11913
21942,64450,717.647,-0.0994498,191,11926
21952,64486,716.839,-0.0808169,191,11926
21962,64524,714.933,-0.190581,192,11932
21972,64559,717.131,0.219845,190,11919
21982,64594,718.918,0.178655,191,11926
21992,64630,719.121,0.0202758,189,11926
22002,64666,716.787,-0.233336,190,11919
22012,64702,716.14,-0.0647117,193,11913
22022,64738,716.863,0.0723189,193,11926
22032,64774,717.451,0.0587692,194,11926
22042,64810,717.929,0.0477583,192,11926
22052,64846,718.317,0.0388103,196,11913
22062,64882,718.632,0.0315388,200,11913
22072,64918,718.888,0.0256297,198,11932
22082,64954,719.097,0.0208278,197,11913
22092,64989,719.266,0.0169255,201,11913
22102,65025,718.154,-0.111152,204,11913
22112,65061,717.251,-0.0903265,196,11919
22122,65097,716.517,-0.073403,196,11926
22132,65134,717.17,0.0652559,188,11950
22142,65169,718.949,0.177936,188,11926
22152,65206,719.146,0.0196917,182,11926
22162,65241,720.555,0.140908,190,11907
22172,65277,719.202,-0.135304,190,11919
22182,65312,719.351,0.0149523,199,11913
22192,65348,716.975,-0.237662,194,11889
22202,65384,716.293,-0.0682273,186,11889
22212,65420,715.738,-0.0554442,177,11938
22222,65456,716.537,0.07985,170,11932
22232,65492,717.186,0.0648893,170,11932
22242,65528,717.713,0.0527317,171,11926
22252,65564,718.141,0.0428519,185,11901
22262,65600,718.49,0.0348232,194,11907
22272,65635,718.773,0.0282988,202,11907
22282,65671,717.753,-0.101909,202,11926
22292,65708,716.925,-0.0828158,199,11932
22302,65744,717.501,0.0576067,194,11944
22312,65780,719.219,0.17172,187,11919
22322,65816,720.614,0.139546,185,11919
22332,65851,720.499,-0.0115051,189,11913
22342,65887,719.156,-0.134256,192,11919
22352,65923,718.065,-0.109102,198,11919
22362,65959,717.179,-0.0886604,196,11926
22372,65994,717.707,0.0528571,192,11932
22382,66031,716.888,-0.0819524,182,11944
22392,66067,717.471,0.0583084,180,11926
22402,66103,717.945,0.0473838,173,11876
22412,66138,719.579,0.163412,176,11876
22422,66174,718.409,-0.117017,179,11913
22432,66210,717.458,-0.0950928,186,11907
22442,66246,716.685,-0.0772763,188,11919
22452,66282,717.306,0.0621084,185,11938
22462,66318,717.811,0.0504718,186,11932
22472,66354,718.221,0.0410154,176,11938
22482,66390,718.554,0.0333308,181,11919
22492,66426,718.825,0.027086,177,11932
22502,66462,719.045,0.0220112,184,11919
22512,66498,719.224,0.0178872,185,11932
22522,66533,719.37,0.0145358,194,11919
22532,66570,718.239,-0.113094,193,11919
22542,66606,718.569,0.0330016,187,11932
22552,66642,718.837,0.0268184,186,11926
22562,66678,720.304,0.1467,187,11926
22572,66714,720.247,-0.00569186,181,11938
22582,66750,720.201,-0.00462544,179,11926
22592,66785,720.163,-0.00375882,187,11901
22602,66820,718.883,-0.127961,195,11901
22612,66856,716.595,-0.228892,197,11913
22622,66892,714.734,-0.186007,200,11932
22632,66929,714.472,-0.0262508,196,11932
22642,66965,716.757,0.22848,190,11895
22652,67000,718.613,0.185672,183,11864
22662,67036,718.873,0.0259785,186,11901
22672,67072,717.835,-0.103795,188,11919
22682,67108,716.992,-0.0843481,191,11913
22692,67144,717.555,0.0563615,196,11919
22702,67180,718.013,0.0458017,195,11932
22712,67216,718.386,0.0372203,188,11938
22722,67252,718.688,0.0302467,187,11907
22732,67288,718.934,0.0245797,199,11895
22742,67324,719.134,0.0199745,195,11926
22752,67360,719.296,0.0162321,196,11938
22762,67396,719.428,0.0131908,193,11938
22772,67432,719.535,0.0107194,192,11944
22782,67468,719.622,0.00871104,179,11932
22792,67504,719.693,0.00707894,176,11932
22802,67540,719.75,0.00575264,183,11907
22812,67576,719.797,0.00467483,192,11907
22822,67611,719.835,0.00379895,191,11938
22832,67648,718.617,-0.121819,190,11932
22842,67683,718.876,0.0259111,192,11932
22852,67720,717.838,-0.10385,189,11919
22862,67754,719.492,0.16542,189,11919
22872,67791,717.089,-0.240292,190,11926
22882,67826,717.634,0.0545416,190,11932
22892,67862,715.579,-0.20549,194,11926
22902,67898,716.408,0.0828231,192,11932
22912,67934,715.832,-0.0576008,181,11938
22922,67971,716.613,0.0780975,177,11932
22932,68006,718.496,0.188371,188,11901
22942,68042,718.778,0.0281721,189,11919
22952,68078,719.007,0.0228938,192,11919
22962,68114,717.944,-0.106302,191,11938
22972,68150,718.329,0.038521,189,11932
22982,68187,718.642,0.0313038,187,11926
22992,68222,720.146,0.150345,190,11895
23002,68258,720.118,-0.00272982,197,11901
23012,68294,720.096,-0.00221836,196,11919
23022,68330,718.829,-0.126709,203,11926
23032,68366,719.049,0.0219374,197,11950
23042,68402,719.227,0.0178272,188,11944
23052,68438,719.372,0.0144871,172,11913
23062,68474,719.489,0.0117728,175,11852
23072,68509,719.585,0.00956707,181,11907
23082,68545,718.414,-0.117132,184,11913
23092,68581,717.462,-0.0951859,186,11944
23102,68617,716.688,-0.077352,192,11926
23112,68654,717.309,0.0620469,191,11932
23122,68690,717.399,0.00900681,179,11950
23132,68726,717.488,0.00892012,176,11938
23142,68762,717.576,0.00883427,183,11907
23152,68798,717.6,0.00233266,184,11932
23162,68833,717.623,0.00231021,190,11919
23172,68870,717.582,-0.00412861,190,11926
23182,68905,717.605,0.00232771,197,11919
23192,68941,717.564,-0.00411128,194,11913
23202,68976,717.587,0.00234487,192,11913
23212,69013,717.482,-0.0105109,194,11932
23222,69048,717.506,0.00242347,192,11926
23232,69085,716.724,-0.0781846,189,11938
23242,69120,718.587,0.186276,183,11938
23252,69156,717.603,-0.0984366,185,11907
23262,69192,718.052,0.0449126,184,11919
23272,69228,717.168,-0.0884084,191,11913
23282,69264,717.699,0.053062,189,11932
23292,69300,718.13,0.0431203,192,11938
23302,69336,718.48,0.0350413,185,11950
23312,69372,718.765,0.028476,180,11938
23322,69409,718.996,0.0231407,176,11932
23332,69444,720.433,0.143711,181,11919
23342,69480,720.352,-0.00812055,181,11926
23352,69516,720.286,-0.00659909,183,11926
23362,69552,718.984,-0.130269,186,11932
23372,69588,719.174,0.0190444,183,11932
23382,69624,719.329,0.0154763,176,11938
23392,69660,719.455,0.0125766,174,11932
23402,69696,719.557,0.0102203,184,11901
23412,69732,719.64,0.00830542,187,11919
23422,69768,719.707,0.00674932,191,11913
23432,69804,719.762,0.00548478,196,11926
23442,69840,719.807,0.00445715,196,11926
23452,69876,719.843,0.00362206,189,11938
23462,69912,719.872,0.00294344,190,11907
23472,69947,719.896,0.00239196,191,11907
23482,69983,719.833,-0.00631673,195,11919
23492,70019,719.771,-0.00625593,191,11932
23502,70055,719.709,-0.00619572,192,11944
23512,70092,719.711,0.000280499,182,11944
23522,70128,719.778,0.00669438,184,11919
23532,70164,719.845,0.00662995,179,11926
23542,70200,719.91,0.00656614,178,11938
23552,70235,719.911,8.63556e-05,179,11932
23562,70271,719.848,-0.00633106,190,11913
23572,70307,719.785,-0.00627012,186,11932
23582,70343,719.723,-0.00620978,184,11932
23592,70378,719.726,0.000266578,187,11913
23602,70414,718.528,-0.119767,192,11926
23612,70450,717.555,-0.0973275,189,11932
23622,70487,716.764,-0.0790923,182,11944
23632,70522,718.619,0.185539,188,11926
23642,70558,718.878,0.0258702,189,11926
23652,70594,719.088,0.0210232,188,11932
23662,70630,718.01,-0.107822,184,11938
23672,70666,718.383,0.0372857,189,11932
23682,70702,718.686,0.0302999,187,11913
23692,70738,718.932,0.0246229,187,11919
23702,70774,719.132,0.0200096,189,11926
23712,70810,719.295,0.0162606,187,11932
23722,70846,719.427,0.013214,184,11932
23732,70882,719.534,0.0107383,187,11926
23742,70918,719.622,0.00872635,180,11938
23752,70954,719.692,0.00709139,176,11926
23762,70990,719.75,0.00576275,189,11901
23772,71026,719.797,0.00468304,199,11901
23782,71061,719.835,0.00380563,199,11919
23792,71098,718.617,-0.121814,202,11926
23802,71134,718.876,0.0259155,197,11944
23812,71170,719.087,0.02106,188,11944
23822,71206,720.507,0.14202,176,11932
23832,71242,720.412,-0.00949463,180,11907
23842,71277,720.335,-0.00771573,183,11913
23852,71313,719.023,-0.131176,190,11919
23862,71348,717.957,-0.106599,193,11932
23872,71385,717.848,-0.0108667,194,11932
23882,71421,717.869,0.00207105,190,11944
23892,71458,717.889,0.00205111,178,11938
23902,71494,718.038,0.0148645,177,11938
23912,71530,718.121,0.00830489,175,11932
23922,71566,718.203,0.00822495,181,11919
23932,71601,718.221,0.00172921,184,11919
23942,71637,718.174,-0.00470402,193,11913
23952,71672,718.127,-0.00465875,192,11926
23962,71710,718.017,-0.0110305,191,11938
23972,71746,718.1,0.00832543,186,11932
23982,71781,718.182,0.0082453,186,11913
23992,71816,718.264,0.00816594,190,11907
24002,71852,716.091,-0.217289,191,11919
24012,71888,714.325,-0.176578,193,11919
24022,71924,714.14,-0.0185883,196,11932
24032,71960,715.238,0.109801,197,11938
24042,71996,716.13,0.0892285,186,11938
24052,72033,716.855,0.0725107,177,11950
24062,72068,718.693,0.183831,187,11907
24072,72104,718.938,0.0244826,185,11913
24082,72140,719.137,0.0198956,188,11926
24092,72176,718.05,-0.108738,188,11932
24102,72213,718.415,0.0365411,192,11926
24112,72249,719.961,0.154601,185,11950
24122,72284,721.217,0.125635,182,11926
24132,72321,720.989,-0.0228101,183,11919
24142,72356,720.804,-0.0185364,182,11932
24152,72392,719.404,-0.13997,181,11926
24162,72428,719.516,0.0111612,187,11926
24172,72464,718.358,-0.115836,187,11913
24182,72500,718.665,0.030773,188,11926
24192,72536,718.915,0.0250074,193,11919
24202,72590,719.119,0.020322,194,11932
24212,72626,719.284,0.0165145,191,11932
24222,72662,719.418,0.0134204,193,11907
24232,72698,719.424,0.000560251,198,11919
24242,72734,719.429,0.000554859,193,11932
24252,72770,719.435,0.000549518,192,11932
24262,72806,719.44,0.000544229,194,11919
24272,72842,719.445,0.000538991,195,11932
24282,72878,719.451,0.000533804,185,11938
24292,72896,719.456,0.000528666,180,11932
24302,72932,719.461,0.000523577,177,11938
24312,72968,719.466,0.000518538,180,11932
24322,73022,719.472,0.000513547,185,11907
24332,73058,719.477,0.000508604,189,11907
24342,73092,719.482,0.000503709,196,11919
24352,73130,719.358,-0.0123343,200,11938
24362,73165,719.365,0.000617577,197,11938
24372,73202,719.306,-0.00580495,191,11944
24382,73238,719.441,0.0135007,178,11950
24392,73274,719.447,0.000537563,178,11919
24402,73310,719.516,0.00694897,178,11926
24412,73346,719.521,0.000465506,180,11919
24422,73382,719.526,0.000461025,177,11938
24432,73417,719.53,0.000456588,184,11919
24442,73454,719.471,-0.00596439,186,11932
24452,73490,719.476,0.0005096,180,11926
24462,73526,719.481,0.000504695,177,11950
24472,73562,719.55,0.00691642,175,11852
24482,73598,719.554,0.000433268,176,11907
24492,73634,719.558,0.000429098,175,11919
24502,73670,719.563,0.000424968,176,11926
24512,73706,719.567,0.000420877,179,11913
24522,73742,719.571,0.000416826,187,11913
24532,73778,719.575,0.000412814,186,11944
24542,73814,719.579,0.000408841,185,11938
24552,73850,719.583,0.000404906,183,11938
24562,73886,719.587,0.000401009,183,11926
24572,73922,719.591,0.000397149,183,11926
24582,73958,719.595,0.000393327,178,11932
24592,73993,719.599,0.000389541,185,11919
24602,74029,719.539,-0.00603079,189,11907
24612,74065,719.479,-0.00597275,190,11932
24622,74101,719.42,-0.00591526,180,11870
24632,74138,719.426,0.000558258,181,11913
24642,74174,719.495,0.00696947,181,11926
24652,74210,719.564,0.00690239,174,11932
24662,74245,719.633,0.00683595,174,11926
24672,74282,719.572,-0.00606301,179,11926
24682,74317,719.576,0.00041193,187,11919
24692,74354,719.516,-0.00600862,187,11913
24702,74390,720.856,0.133974,187,11932
24712,74426,720.695,-0.0160339,183,11932
24722,74462,721.814,0.111876,183,11919
24732,74498,721.474,-0.0339909,183,11919
24742,74534,721.198,-0.0276224,184,11919
24752,74569,720.974,-0.0224471,186,11919
24762,74604,719.542,-0.143148,193,11913
24772,74640,717.13,-0.241234,198,11913
24782,74677,715.169,-0.196036,195,11932
24792,74713,716.074,0.0905053,194,11932
24802,74750,718.059,0.198455,187,11944
24812,74786,720.921,0.286178,180,11950
24822,74822,721.997,0.107654,175,11926
24832,74856,722.872,0.087484,177,11907
24842,74893,719.836,-0.303626,184,11913
24852,74928,718.618,-0.121832,189,11919
24862,74964,716.378,-0.223912,196,11919
24872,75002,717.057,0.0678524,198,11932
24882,75038,718.857,0.180046,188,11956
24892,75074,721.57,0.271219,183,11938
24902,75110,723.774,0.220403,181,11913
24912,75146,723.067,-0.0707037,182,11919
24922,75181,722.492,-0.0574567,183,11913
24932,75217,720.776,-0.171598,189,11926
24942,75253,719.382,-0.139447,194,11932
24952,75289,718.248,-0.113321,192,11944
24962,75325,718.577,0.0328173,182,11950
24972,75362,718.843,0.0266687,178,11938
24982,75397,720.309,0.146578,174,11926
24992,75434,720.251,-0.00579077,175,11919
25002,75469,721.453,0.1202,180,11919
25012,75505,719.932,-0.152133,186,11913
25022,75540,719.945,0.001277,195,11926
25032,75577,717.457,-0.248775,190,11944
25042,75614,717.933,0.047648,189,11938
25052,75649,719.57,0.163627,182,11919
25062,75684,720.899,0.13297,187,11919
25072,75721,720.826,-0.00728216,179,11932
25082,75758,720.754,-0.00721207,180,11932
25092,75793,720.811,0.00569051,181,11932
25102,75830,721.908,0.109706,187,11932
25112,75866,722.8,0.0891517,183,11919
25122,75902,722.275,-0.0524579,185,11913
25132,75936,723.098,0.0822768,192,11913
25142,75972,720.019,-0.307857,197,11907
25152,76008,717.518,-0.250177,198,11932
25162,76045,715.485,-0.203304,195,11932
25172,76081,717.58,0.209505,193,11932
25182,76117,719.282,0.170253,187,11919
25192,76152,720.666,0.138354,187,11926
25202,76189,717.565,-0.310102,184,11919
25212,76225,718.595,0.102991,184,11932
25222,76261,719.189,0.0594341,186,11919
25232,76297,722.351,0.316243,189,11932
25242,76333,721.357,-0.0994465,184,11932
25252,76370,720.783,-0.0573888,180,11938
25262,76405,723.271,0.248827,184,11913
25272,76442,721.888,-0.138351,184,11926
25282,76477,723.909,0.202105,182,11919
25292,76514,719.436,-0.447259,181,11956
25302,76550,722.494,0.305785,180,11932
25312,76586,721.439,-0.105482,183,11913
25322,76620,723.65,0.221073,183,11919
25332,76657,716.467,-0.718258,188,11919
25342,76692,715.142,-0.132549,188,11919
25352,76729,711.558,-0.358437,194,11932
25362,76765,717.948,0.638988,188,11938
25372,76801,718.816,0.0868035,184,11919
25382,76837,722.136,0.332038,180,11926
25392,76872,721.233,-0.0903319,189,11889
25402,76908,719.753,-0.148,193,11919
25412,76944,718.55,-0.120271,197,11919
25422,76980,717.573,-0.0977371,200,11926
25432,77016,718.027,0.0454811,202,11919
25442,77052,718.397,0.0369598,197,11932
25452,77088,718.697,0.030035,185,11938
25462,77126,718.941,0.0244077,180,11950
25472,77161,721.638,0.269647,176,11938
25482,77197,722.58,0.09422,174,11919
25492,77233,723.346,0.076567,176,11926
25502,77269,721.47,-0.187591,178,11926
25512,77304,721.194,-0.0275378,186,11919
25522,77340,719.722,-0.147285,194,11913
25532,77376,718.525,-0.119689,194,11932
25542,77412,717.552,-0.0972645,186,11944
25552,77448,718.011,0.0458651,185,11932
25562,77484,718.383,0.0372719,187,11913
25572,77520,718.686,0.0302886,184,11932
25582,77556,718.932,0.0246138,181,11926
25592,77592,719.132,0.0200022,184,11932
25602,77628,719.295,0.0162546,189,11926
25612,77664,719.427,0.0132091,186,11919
25622,77700,719.534,0.0107343,181,11944
25632,77738,719.622,0.0087231,178,11932
25642,77773,722.191,0.256901,184,11919
25652,77809,723.029,0.0838621,180,11938
25662,77845,723.711,0.0681498,177,11938
25672,77882,721.766,-0.194431,170,11864
25682,77917,722.685,0.0918098,174,11901
25692,77953,722.182,-0.0502979,178,11913
25702,77989,721.773,-0.0408741,176,11932
25712,78026,720.192,-0.158122,180,11938
25722,78061,721.405,0.121316,186,11926
25732,78096,721.142,-0.02632,193,11913
25742,78133,719.679,-0.146295,188,11932
25752,78169,718.49,-0.118885,188,11926
25762,78205,718.773,0.0282953,191,11907
25772,78240,720.252,0.1479,196,11919
25782,78276,718.956,-0.129623,190,11932
25792,78312,717.902,-0.105337,184,11944
25802,78348,717.046,-0.0856009,186,11926
25812,78384,717.6,0.0553434,185,11926
25822,78420,718.049,0.0449743,182,11926
25832,78457,718.415,0.036548,180,11938
25842,78493,719.961,0.154607,186,11932
25852,78528,721.217,0.12564,189,11913
25862,78565,720.989,-0.0228064,188,11926
25872,78602,720.804,-0.0185334,183,11944
25882,78637,721.902,0.109845,183,11919
25892,78674,722.795,0.0892647,186,11919
25902,78709,723.52,0.0725401,182,11938
25912,78746,721.612,-0.190863,178,11938
25922,78780,722.559,0.0947091,180,11919
25932,78817,719.581,-0.297754,187,11919
25942,78852,719.66,0.00784527,184,11926
25952,78889,717.225,-0.243437,182,11932
25962,78925,718.994,0.176892,180,11950
25972,78961,719.183,0.0188433,181,11913
25982,78996,720.585,0.140219,181,11919
25992,79032,719.226,-0.135865,179,11926
26002,79069,718.122,-0.110409,179,11926
26012,79104,718.474,0.0351832,185,11926
26022,79141,718.76,0.0285913,189,11932
26032,79176,720.241,0.148141,182,11938
26042,79214,718.947,-0.129427,181,11938
26052,79249,721.642,0.269541,180,11926
26062,79286,721.335,-0.0307727,182,11926
26072,79321,723.583,0.224805,179,11938
26082,79358,721.662,-0.192033,175,11938
26092,79393,722.6,0.0937589,180,11938
26102,79429,720.864,-0.17362,182,11926
26112,79464,720.702,-0.0161846,183,11926
26122,79501,718.072,-0.262965,181,11938
26132,79537,718.433,0.0361166,183,11932
26142,79573,718.727,0.0293498,185,11913
26152,79609,720.215,0.148757,186,11932
26162,79645,720.174,-0.00402016,181,11932
26172,79681,720.142,-0.00326694,184,11919
26182,79716,720.115,-0.00265485,189,11913
26192,79753,718.845,-0.127064,191,11913
26202,79788,719.061,0.0216491,190,11926
26212,79825,717.988,-0.107313,188,11932
26222,79860,719.614,0.162605,193,11919
26232,79898,718.437,-0.117673,191,11913
26242,79934,721.228,0.279093,188,11938
26252,79970,722.247,0.101896,184,11932
26262,80006,724.324,0.207711,190,11919
26272,80042,723.514,-0.0810179,191,11919
26282,80078,722.856,-0.0658385,186,11932
26292,80114,722.321,-0.053503,182,11944
26302,80150,721.886,-0.0434787,180,11938
26312,80185,721.532,-0.0353326,179,11919
26322,80221,719.996,-0.153619,175,11932
26332,80258,718.748,-0.124837,175,11926
26342,80294,718.983,0.0234586,179,11919
26352,80329,720.422,0.14397,187,11926
26362,80365,720.343,-0.00791063,188,11919
26372,80401,719.03,-0.131335,188,11932
26382,80438,717.962,-0.106728,188,11932
26392,80473,719.593,0.163081,193,11913
26402,80509,719.669,0.00762002,191,11926
26412,80546,719.731,0.00619234,187,11932
26422,80582,719.782,0.00503214,188,11919
26432,80618,721.072,0.128996,195,11913
26442,80654,722.12,0.104827,192,11926
26452,80690,721.723,-0.0397195,188,11932
26462,80726,721.4,-0.0322777,189,11932
26472,80762,721.138,-0.0262302,190,11919
26482,80797,720.925,-0.0213157,187,11919
26492,80834,719.502,-0.142228,187,11926
26502,80869,719.596,0.00932578,185,11932
26512,80906,718.422,-0.117328,190,11919
26522,80941,719.967,0.154467,189,11938
26532,80978,718.724,-0.124286,187,11926
26542,81014,720.212,0.148812,181,11944
26552,81050,720.172,-0.00397515,181,11926
26562,81085,721.389,0.121676,186,11919
26572,81122,719.88,-0.150934,182,11926
26582,81158,719.902,0.00225136,183,11938
26592,81194,719.903,9.3986e-05,183,11932
26602,81230,719.968,0.00650967,186,11938
26612,81266,719.969,3.04267e-05,177,11938
26622,81302,719.969,3.01338e-05,176,11944
26632,81338,719.969,2.98438e-05,173,11932
26642,81374,719.97,2.95566e-05,179,11919
26652,81410,719.97,2.92721e-05,177,11926
26662,81446,719.97,2.89903e-05,183,11919
26672,81482,719.97,2.87113e-05,184,11919
26682,81518,719.971,2.8435e-05,189,11926
26692,81554,719.971,2.81613e-05,191,11926
26702,81590,719.971,2.78902e-05,187,11926
26712,81626,719.972,2.76218e-05,184,11932
26722,81662,719.972,2.73559e-05,184,11919
26732,81697,719.972,2.70926e-05,188,11913
26742,81733,719.908,-0.00638975,184,11932
26752,81769,719.845,-0.00632825,187,11926
26762,81805,719.782,-0.00626734,189,11926
26772,81842,719.784,0.000209564,192,11932
26782,81878,719.851,0.00662413,186,11926
26792,81914,719.916,0.00656037,183,11938
26802,81950,719.981,0.00649723,184,11926
26812,81986,719.981,1.81122e-05,184,11926
26822,82021,719.982,1.79379e-05,182,11919
26832,82058,719.918,-0.00639882,181,11938
26842,82094,719.918,7.93531e-05,183,11926
26852,82130,719.919,7.85893e-05,187,11919
26862,82166,719.984,0.00649442,185,11926
26872,82202,719.984,1.53249e-05,182,11956
26882,82238,719.984,1.51774e-05,179,11938
26892,82274,719.985,1.50313e-05,184,11919
26902,82310,719.985,1.48867e-05,180,11932
26912,82346,719.985,1.47434e-05,176,11938
26922,82382,719.985,1.46015e-05,174,11932
26932,82418,719.985,1.44609e-05,182,11926
26942,82454,719.985,1.43218e-05,181,11919
26952,82490,719.985,1.41839e-05,179,11926
26962,82526,719.986,1.40474e-05,176,11956
26972,82562,719.986,1.39122e-05,179,11919
26982,82598,719.986,1.37783e-05,179,11938
26992,82634,719.986,1.36457e-05,178,11913
27002,82670,719.986,1.35143e-05,182,11919
27012,82706,719.986,1.33843e-05,188,11913
27022,82742,719.986,1.32554e-05,189,11926
27032,82778,719.986,1.31279e-05,187,11932
27042,82814,719.987,1.30015e-05,184,11956
27052,82850,719.987,1.28764e-05,175,11938
27062,82886,719.987,1.27524e-05,177,11913
27072,82922,719.987,1.26297e-05,179,11926
27082,82958,719.987,1.25081e-05,178,11932
27092,82994,719.987,1.23877e-05,182,11919
27102,83030,719.987,1.22685e-05,189,11932
27112,83066,719.987,1.21504e-05,189,11926
27122,83102,719.988,1.20335e-05,180,11956
27132,83138,719.988,1.19177e-05,179,11932
27142,83174,719.988,1.1803e-05,180,11938
27152,83210,719.988,1.16894e-05,173,11944
27162,83246,719.988,1.15768e-05,174,11932
27172,83282,719.988,1.14654e-05,173,11932
27182,83318,719.988,1.13551e-05,182,11919
27192,83354,719.988,1.12458e-05,180,11919
27202,83390,719.989,1.11375e-05,181,11938
27212,83426,719.989,1.10303e-05,177,11932
27222,83462,719.989,1.09242e-05,179,11919
27232,83498,719.989,1.0819e-05,177,11926
27242,83534,719.989,1.07149e-05,177,11926
27252,83570,719.989,1.06118e-05,183,11907
27262,83606,719.989,1.05096e-05,193,11913
27272,83642,719.989,1.04085e-05,198,11919
27282,83678,719.989,1.03083e-05,194,11932
27292,83714,719.989,1.02091e-05,194,11950
27302,83750,719.99,1.01108e-05,183,11944
27312,83786,719.99,1.00135e-05,177,11926
27322,83822,719.99,9.91713e-06,169,11938
27332,83858,719.99,9.82168e-06,172,11919
27342,83894,719.99,9.72714e-06,172,11926
27352,83930,719.99,9.63352e-06,181,11919
27362,83966,719.99,9.5408e-06,183,11926
27372,84002,719.99,9.44897e-06,183,11938
27382,84038,719.99,9.35803e-06,178,11944
27392,84074,719.99,9.26796e-06,175,11932
27402,84110,719.991,9.17875e-06,178,11926
27412,84147,719.991,9.09041e-06,179,11919
27422,84182,720.055,0.00642559,183,11913
27432,84219,720.054,-5.28426e-05,189,11926
27442,84254,720.118,0.00636425,191,11926
27452,84291,720.053,-0.00653017,188,11944
27462,84326,720.116,0.00636585,184,11932
27472,84363,720.051,-0.00652859,183,11932
27482,84398,721.291,0.123949,180,11919
27492,84434,719.8,-0.149086,181,11926
27502,84470,719.837,0.00375255,184,11926
27512,84506,718.619,-0.121857,188,11919
27522,84542,718.877,0.0258805,189,11932
27532,84578,719.088,0.0210315,190,11919
27542,84614,719.259,0.0170911,190,11944
27552,84650,719.398,0.0138889,184,11932
27562,84686,719.51,0.0112867,186,11926
27572,84723,719.602,0.00917202,179,11944
27582,84759,720.926,0.13236,179,11919
27592,84794,722.001,0.107561,184,11907
27602,84830,721.626,-0.0374978,194,11901
27612,84866,720.073,-0.155378,194,11919
27622,84902,718.81,-0.126267,196,11926
27632,84938,719.033,0.0222966,195,11938
27642,84975,719.214,0.0181191,186,11938
27652,85011,720.61,0.139631,177,11950
27662,85047,721.745,0.113469,169,11932
27672,85082,722.667,0.0922099,175,11926
27682,85118,720.918,-0.174879,175,11926
27692,85154,719.497,-0.142114,182,11932
27702,85190,718.342,-0.115487,178,11944
27712,85227,718.653,0.0310565,184,11938
27722,85263,718.73,0.00771308,173,11944
27732,85300,718.806,0.00763884,171,11938
27742,85335,718.946,0.0139819,169,11926
27752,85372,718.956,0.00101416,173,11926
27762,85406,720.401,0.144458,181,11907
27772,85443,717.828,-0.257326,187,11913
27782,85478,718.235,0.0406987,191,11926
27792,85516,716.067,-0.216739,192,11932
27802,85552,719.302,0.323494,187,11950
27812,85588,720.682,0.137978,180,11938
27822,85624,723.052,0.237033,177,11926
27832,85660,722.481,-0.0571899,175,11926
27842,85696,722.016,-0.0464749,176,11926
27852,85732,721.638,-0.0377674,179,11938
27862,85768,721.331,-0.0306913,181,11932
27872,85804,721.082,-0.024941,180,11932
27882,85840,720.879,-0.0202681,175,11932
27892,85875,720.714,-0.0164707,179,11919
27902,85912,719.331,-0.138291,175,11938
27912,85947,719.457,0.0125254,177,11932
27922,85984,718.309,-0.114728,173,11944
27932,86019,719.875,0.15658,177,11932
27942,86056,718.65,-0.122569,172,11932
27952,86092,720.152,0.150208,168,11944
27962,86128,720.123,-0.00284122,170,11944
27972,86164,721.349,0.122597,171,11932
27982,86200,721.096,-0.0252786,173,11938
27992,86236,720.891,-0.0205425,175,11926
28002,86272,720.724,-0.0166936,179,11926
28012,86308,720.588,-0.0135659,182,11926
28022,86344,720.478,-0.0110242,186,11926
28032,86380,720.474,-0.000460221,183,11932
28042,86416,720.469,-0.000455791,181,11938
28052,86452,720.464,-0.000451404,182,11926
28062,86488,720.46,-0.00044706,186,11907
28072,86524,720.456,-0.000442757,187,11926
28082,86559,720.451,-0.000438495,183,11932
28092,86596,720.383,-0.00685086,185,11932
28102,86632,720.379,-0.000368336,180,11950
28112,86668,720.375,-0.000364791,173,11944
28122,86704,720.436,0.0060553,166,11950
28132,86740,720.432,-0.000419562,164,11926
28142,86776,720.428,-0.000415523,174,11913
28152,86812,720.423,-0.000411524,175,11926
28162,86848,720.419,-0.000407563,181,11932
28172,86884,720.415,-0.00040364,177,11932
28182,86920,720.411,-0.000399755,185,11938
28192,86956,720.407,-0.000395908,178,11938
28202,86993,720.403,-0.000392097,173,11944
28212,87028,720.464,0.00602826,174,11913
28222,87064,720.459,-0.000446345,184,11919
28232,87100,720.455,-0.000442049,187,11926
28242,87136,720.386,-0.00685438,187,11938
28252,87172,720.383,-0.000371821,188,11944
28262,87208,720.379,-0.000368243,187,11926
28272,87244,720.375,-0.000364698,181,11938
28282,87280,720.372,-0.000361188,175,11938
28292,87316,720.368,-0.000357712,175,11938
28302,87352,720.365,-0.000354269,175,11919
28312,87388,720.361,-0.000350859,180,11926
28322,87424,720.358,-0.000347482,178,11938
28332,87460,720.354,-0.000344138,177,11932
28342,87496,720.351,-0.000340825,183,11919
28352,87532,720.347,-0.000337545,184,11919
28362,87568,720.344,-0.000334296,185,11932
28372,87604,720.341,-0.000331078,182,11938
28382,87640,720.337,-0.000327892,185,11944
28392,87677,720.334,-0.000324736,184,11926
28402,87712,720.395,0.00609497,181,11932
28412,87749,720.391,-0.000380274,175,11932
28422,87784,720.452,0.00603997,178,11932
28432,87820,720.383,-0.00685133,183,11913
28442,87856,720.379,-0.000368804,182,11932
28452,87892,720.312,-0.00678184,181,11938
28462,87928,720.309,-0.00029998,179,11944
28472,87964,720.306,-0.000297093,184,11926
28482,88000,720.303,-0.000294234,181,11926
28492,88036,720.3,-0.000291402,177,11932
28502,88072,720.297,-0.000288597,177,11944
28512,88108,720.294,-0.000285819,183,11913
28522,88144,720.291,-0.000283068,187,11926
28532,88180,720.288,-0.000280344,183,11926
28542,88217,720.286,-0.000277646,185,11938
28552,88252,720.347,0.00614161,185,11932
28562,88288,720.344,-0.000334085,185,11926
28572,88325,720.34,-0.00033087,180,11944
28582,88362,720.337,-0.000327685,177,11932
28592,88397,720.462,0.0125086,180,11913
28602,88433,720.522,0.00597166,185,11913
28612,88469,720.517,-0.000502402,187,11926
28622,88505,720.448,-0.00691415,186,11926
28632,88541,720.444,-0.000431019,187,11938
28642,88576,720.439,-0.00042687,187,11913
28652,88613,720.371,-0.00683935,183,11938
28662,88648,720.367,-0.000356934,177,11938
28672,88685,720.3,-0.00677008,176,11932
28682,88720,720.361,0.00612825,182,11913
28692,88756,720.293,-0.00676391,185,11913
28702,88792,720.29,-0.000282219,183,11938
28712,88828,718.987,-0.130347,186,11926
28722,88864,719.177,0.0189809,191,11932
28732,88901,719.331,0.0154247,185,11932
28742,88937,720.705,0.137441,180,11944
28752,88974,721.822,0.11169,176,11932
28762,89010,723.979,0.21567,182,11919
28772,89045,724.483,0.0503561,179,11926
28782,89082,723.643,-0.0839848,180,11932
28792,89118,722.96,-0.0682495,181,11926
28802,89154,722.406,-0.0554623,184,11919
28812,89189,723.204,0.0798353,184,11932
28822,89225,721.355,-0.184935,180,11932
28832,89261,719.852,-0.150286,181,11932
28842,89298,718.63,-0.122128,180,11926
28852,89332,720.136,0.150566,188,11926
28862,89369,718.862,-0.127456,181,11932
28872,89405,719.075,0.02133,180,11944
28882,89441,717.999,-0.107573,176,11926
28892,89476,719.623,0.162395,181,11919
28902,89513,718.445,-0.117844,177,11938
28912,89549,718.736,0.0291414,174,11932
28922,89585,718.973,0.0236815,177,11932
28932,89621,720.414,0.144151,182,11926
28942,89658,720.337,-0.00776346,184,11926
28952,89694,721.523,0.118597,177,11938
28962,89730,722.486,0.096377,178,11938
28972,89766,723.27,0.0783199,179,11926
28982,89802,722.657,-0.0612603,181,11919
28992,89838,722.159,-0.0497826,180,11926
29002,89874,721.755,-0.0404554,182,11919
29012,89910,721.426,-0.0328757,187,11919
29022,89945,721.159,-0.0267161,191,11913
29032,89982,719.693,-0.146617,193,11913
29042,90017,719.75,0.00575943,188,11932
29052,90053,718.548,-0.120226,192,11913
29062,90089,718.82,0.0272058,194,11919
29072,90125,717.792,-0.102798,189,11932
29082,90162,718.206,0.0413686,184,11938
29092,90197,719.791,0.158524,185,11919
29102,90234,719.83,0.00391687,186,11932
29112,90269,721.111,0.128089,181,11932
29122,90306,719.654,-0.145722,177,11944
29132,90342,720.968,0.131393,176,11944
29142,90378,720.786,-0.018131,178,11932
29152,90414,721.888,0.110172,173,11932
29162,90450,721.534,-0.0353758,173,11932
29172,90486,721.247,-0.0287478,176,11926
29182,90522,721.013,-0.0233616,183,11907
29192,90558,720.823,-0.0189846,187,11919
29202,90594,720.669,-0.0154277,189,11919
29212,90630,720.544,-0.0125372,188,11932
29222,90666,720.442,-0.0101882,189,11907
29232,90701,720.359,-0.00827935,193,11913
29242,90737,719.043,-0.131634,187,11926
29252,90774,717.973,-0.106971,184,11932
29262,90809,718.353,0.0379769,186,11926
29272,90845,718.661,0.0308616,190,11919
29282,90881,718.912,0.0250794,183,11932
29292,90917,717.867,-0.104526,182,11932
29302,90953,718.267,0.0399644,181,11938
29312,90990,718.591,0.0324767,180,11932
29322,91026,720.104,0.151298,175,11950
29332,91062,721.334,0.122951,169,11950
29342,91098,722.333,0.099915,172,11932
29352,91134,721.896,-0.0437113,175,11907
29362,91170,721.878,-0.00182478,182,11919
29372,91206,721.86,-0.00180722,183,11938
29382,91242,721.842,-0.00178983,187,11932
29392,91278,721.824,-0.0017726,191,11919
29402,91314,721.806,-0.00175554,190,11926
29412,91350,721.789,-0.00173864,183,11932
29422,91386,721.772,-0.00172191,179,11932
29432,91421,721.755,-0.00170534,186,11913
29442,91458,721.674,-0.00810551,184,11919
29452,91493,721.658,-0.00161091,182,11938
29462,91530,721.577,-0.00801199,181,11938
29472,91566,721.626,0.0048983,187,11932
29482,91602,721.611,-0.00156543,184,11926
29492,91638,721.659,0.00486622,181,11938
29502,91674,721.643,-0.0015972,178,11938
29512,91710,721.628,-0.00158183,183,11913
29522,91746,721.612,-0.00156661,187,11919
29532,91782,721.596,-0.00155153,186,11938
29542,91818,721.581,-0.00153659,188,11926
29552,91854,721.566,-0.0015218,187,11932
29562,91890,721.551,-0.00150716,190,11932
29572,91926,721.536,-0.00149265,180,11938
29582,91962,721.521,-0.00147828,179,11932
29592,91998,721.506,-0.00146406,177,11932
29602,92034,721.492,-0.00144996,182,11919
29612,92070,721.478,-0.00143601,179,11932
29622,92106,721.463,-0.00142219,178,11944
29632,92142,721.449,-0.0014085,180,11938
29642,92178,721.435,-0.00139494,183,11913
29652,92214,721.422,-0.00138152,180,11938
29662,92250,721.408,-0.00136822,176,11938
29672,92286,721.394,-0.00135505,177,11938
29682,92322,721.381,-0.00134201,181,11926
29692,92358,721.368,-0.00132909,179,11919
29702,92394,721.354,-0.0013163,179,11932
29712,92430,721.341,-0.00130363,178,11932
29722,92466,721.328,-0.00129108,187,11919
29732,92502,721.316,-0.00127866,184,11932
29742,92538,721.303,-0.00126635,185,11926
29752,92574,721.29,-0.00125416,184,11919
29762,92610,721.278,-0.00124209,191,11926
29772,92646,721.266,-0.00123013,191,11926
29782,92682,721.254,-0.00121829,187,11932
29792,92718,721.242,-0.00120657,190,11938
29802,92754,721.23,-0.00119496,188,11919
29812,92790,721.218,-0.00118345,191,11913
29822,92826,721.206,-0.00117206,185,11926
29832,92862,721.194,-0.00116078,187,11938
29842,92898,721.183,-0.00114961,186,11913
29852,92934,721.172,-0.00113855,192,11913
29862,92970,721.16,-0.00112759,188,11932
29872,93006,721.149,-0.00111673,185,11944
29882,93042,721.138,-0.00110599,182,11932
29892,93078,721.127,-0.00109534,184,11919
29902,93114,721.116,-0.0010848,179,11944
29912,93150,721.105,-0.00107436,172,11938
29922,93186,721.095,-0.00106402,175,11938
29932,93222,721.084,-0.00105378,178,11932
29942,93258,721.074,-0.00104363,181,11919
29952,93294,721.064,-0.00103359,175,11932
29962,93330,721.053,-0.00102364,180,11932
29972,93366,721.043,-0.00101379,178,11938
29982,93402,721.033,-0.00100403,178,11938
29992,93438,721.023,-0.000994367,174,11932
