time,position,velocity,acceleration,current,voltage
2,0,0,0,0,0
12,0,0,0,0,0
22,1,0,0,32,1306
32,2,3.17224,0.317224,256,4152
42,2,6.39559,0.322335,1166,4109
52,0,8.59641,0.220082,1260,3431
62,3,3.75459,-0.484182,1583,5667
72,3,4.67837,0.0923782,2258,4429
82,2,5.30911,0.0630736,2333,3690
92,4,7.85459,0.254548,1837,5920
102,4,7.47775,-0.0376838,2287,4410
112,4,7.22045,-0.0257296,2144,3782
122,5,9.15961,0.193915,1862,5889
132,6,8.36879,-0.0790822,2442,4324
142,4,9.94366,0.157488,2231,3388
152,7,6.78929,-0.315437,1885,5932
162,7,8.86522,0.207593,2144,4546
172,6,8.16779,-0.0697435,1934,3363
182,10,9.80642,0.163864,1653,5753
192,10,13.0401,0.323365,1774,4349
202,9,15.2479,0.220786,1594,3289
212,12,16.7554,0.150747,1337,5852
222,12,15.6698,-0.108556,1754,4546
232,12,15.2321,-0.0437766,1590,3289
242,15,16.1254,0.0893315,1319,5741
252,16,16.8513,0.0725944,1666,4503
262,15,18.6903,0.183899,1505,3308
272,18,18.9357,0.0245379,1230,5760
282,19,19.1351,0.0199405,1607,4318
292,19,19.2972,0.0162045,1419,3326
302,22,20.6779,0.138075,1256,6141
312,23,21.8,0.112205,1656,4688
322,23,22.7118,0.0911824,1482,3641
332,26,23.4528,0.0740985,1267,5470
342,28,24.0549,0.0602155,1627,4472
352,29,25.7933,0.17384,1566,5051
362,30,28.4551,0.266175,1405,5057
372,32,28.12,-0.0335074,1651,5328
382,34,27.8477,-0.0272295,1781,4983
392,35,28.8755,0.102778,1542,4983
402,38,29.7107,0.0835219,1785,5525
412,40,31.6385,0.19278,1617,5679
422,41,33.2051,0.15666,1778,5070
432,44,34.4782,0.127309,1562,5716
442,45,35.5128,0.103456,1806,4792
452,47,35.1044,-0.0408335,1621,4712
462,50,36.0217,0.0917233,1655,5753
472,52,36.767,0.0745381,1557,6018
482,54,38.6218,0.185479,1693,5298
492,56,40.1291,0.150728,1498,5741
502,58,40.1049,-0.00241878,1762,4737
512,60,40.0853,-0.0019656,1591,4786
522,63,40.0693,-0.00159733,1677,5698
532,66,41.3054,0.123608,1574,5612
542,68,43.5589,0.225355,1662,5642
552,70,45.3902,0.183133,1479,5704
562,73,45.6294,0.023915,1662,5291
572,76,45.8237,0.0194343,1575,5698
582,78,47.2307,0.140699,1610,5501
592,81,48.3741,0.114338,1581,5981
602,82,49.3033,0.0929157,1646,6671
612,84,48.8093,-0.0493992,1478,4349
622,88,48.4078,-0.0401438,1565,4959
632,90,49.3307,0.0922838,1504,5525
642,93,50.0806,0.0749935,2276,4946
652,92,51.9391,0.185849,1971,1996
662,96,47.2041,-0.473503,1998,4515
672,104,45.8543,-0.134975,1947,6228
682,105,51.0028,0.514845,2701,4595
692,107,57.6847,0.668196,1644,2877
702,112,60.6166,0.293191,1842,5236
712,114,59.2521,-0.13646,1922,5316
722,118,59.3922,0.0140135,2014,5236
732,120,65.2881,0.589596,1193,4423
742,124,60.2322,-0.50559,1455,5747
752,127,62.9535,0.272123,1749,4515
762,128,61.7044,-0.124908,1523,3376
772,135,58.1641,-0.354027,1448,5642
782,137,64.5795,0.641532,1696,4367
792,139,65.4622,0.088272,1483,3160
802,145,68.791,0.332885,1314,5692
812,147,67.8926,-0.0898428,1556,4509
822,148,67.3741,-0.0518467,1377,3166
832,155,64.2555,-0.311865,1107,5636
842,158,65.2752,0.101973,1538,4792
852,158,68.6831,0.340792,1390,3154
862,164,67.8303,-0.0852799,1159,5347
872,170,64.5187,-0.331159,1484,6647
882,173,71.066,0.654729,1647,4614
892,175,83.3027,1.22367,1186,3222
902,182,79.0865,-0.421623,1432,5642
912,184,79.4728,0.0386339,1551,4435
922,184,76.8763,-0.25965,1334,3197
932,192,73.7144,-0.316194,1087,5735
942,196,72.3939,-0.132046,1462,4885
952,195,73.819,0.142507,1320,3259
962,201,73.728,-0.00909945,1127,5593
972,209,71.1559,-0.257207,1425,6973
982,212,74.062,0.290608,1694,4743
992,215,81.4199,0.735785,1281,3283
1002,221,83.652,0.22321,1544,5766
1012,224,82.9677,-0.068423,1666,4675
1022,226,82.4117,-0.0556033,1417,3191
1032,234,80.7108,-0.170092,1080,5704
1042,236,81.8267,0.111589,1619,4842
1052,237,81.4844,-0.0342245,1483,3172
1062,243,79.9572,-0.152718,1249,5655
1072,251,76.2181,-0.373918,1573,6560
1082,254,80.6738,0.445577,1677,5538
1092,260,86.7929,0.611906,1302,6751
1102,264,91.7655,0.49726,1692,5168
1112,265,90.8102,-0.0955313,1531,3369
1122,273,87.5357,-0.327445,1463,5895
1132,277,87.3729,-0.0162828,1546,5353
1142,280,87.2406,-0.013232,1560,5390
1152,288,89.6312,0.23906,1346,7133
1162,292,91.5739,0.19427,1679,4712
1172,295,93.1526,0.157871,1497,3505
1182,302,96.0485,0.289589,1336,6314
1192,306,94.9002,-0.114828,1573,5076
1202,308,94.2375,-0.0662654,1316,3542
1212,316,91.0357,-0.320186,1132,6049
1222,320,92.0074,0.0971715,1584,5686
1232,324,92.5682,0.056076,1616,5562
1242,332,98.5307,0.596251,1406,6659
1252,336,101.972,0.344086,1738,5495
1262,342,103.957,0.198566,1745,6511
1272,346,110.742,0.678479,1658,5088
1282,348,103.38,-0.736242,1522,3604
1292,355,93.4919,-0.988762,1427,6018
1302,362,90.6054,-0.288652,1444,7423
1312,367,97.398,0.679259,1721,5396
1322,372,109.776,1.23782,1332,4799
1332,378,111.281,0.150436,1664,6517
1342,384,109.329,-0.195131,1777,5575
1352,388,111.023,0.169338,1676,5895
1362,394,109.18,-0.184223,1531,5649
1372,398,108.117,-0.106312,1665,5519
1382,406,101.865,-0.625241,1678,7182
1392,410,109.535,0.766965,1614,5575
1402,416,108.322,-0.121288,1615,5445
1412,422,113.261,0.493897,1526,5907
1422,428,110.472,-0.278871,1626,6634
1432,433,114.502,0.402959,1887,5550
1442,436,114.007,-0.0494047,1562,4435
1452,446,105.264,-0.874346,1763,6419
1462,451,111.496,0.623211,1727,6228
1472,458,113.089,0.159328,1749,6258
1482,464,119.38,0.629101,1436,5895
1492,470,119.497,0.0116085,1549,6289
1502,476,120.84,0.13434,1554,6012
1512,482,120.683,-0.0157363,1426,6320
1522,488,120.555,-0.012788,1496,5852
1532,494,120.451,-0.010392,1388,6265
1542,500,120.366,-0.00844497,1572,5501
1552,504,120.298,-0.00686273,1363,5082
1562,513,117.744,-0.255389,1437,6480
1572,518,119.416,0.167179,1375,5581
1582,525,119.525,0.0109501,1428,6431
1592,528,123.361,0.383617,1471,7404
1602,534,122.731,-0.0629757,1275,3628
1612,542,123.469,0.0737296,1323,5716
1622,548,125.317,0.184822,1387,5495
1632,555,126.819,0.150194,1315,5618
1642,562,129.289,0.24696,1536,5168
1652,564,130.046,0.0757833,1385,3037
1662,571,125.666,-0.43804,1395,5371
1672,582,122.106,-0.355969,1316,6887
1682,587,124.21,0.21035,1741,5076
1692,592,129.666,0.545657,1188,3025
1702,600,131.602,0.193611,1366,5716
1712,608,129.429,-0.217383,1589,6043
1722,610,131.409,0.198065,1441,4558
1732,620,129.272,-0.213763,1123,5895
1742,630,130.033,0.0760998,1324,7417
1752,636,133.149,0.311654,1528,5298
1762,640,140.678,0.752888,1200,3499
1772,648,139.302,-0.13761,1270,6061
1782,656,135.686,-0.36164,1526,5587
1792,658,135.245,-0.0440709,1519,4072
1802,666,132.389,-0.285626,1291,6055
1812,679,130.067,-0.232112,1521,7509
1822,684,134.427,0.435908,1669,5298
1832,688,141.716,0.728955,1217,3394
1842,696,142.644,0.0927537,1277,5932
1852,706,137.152,-0.549156,1296,6979
1862,712,141.176,0.402389,1370,5655
1872,720,149.137,0.796102,1146,6757
1882,726,153.731,0.459416,1729,5624
1892,730,145.105,-0.862659,1605,3517
1902,737,134.487,-1.06172,1518,5920
1912,750,125.541,-0.894642,1443,7343
1922,756,140.114,1.45733,1674,4971
1932,760,154.163,1.40489,1043,3394
1942,768,153.812,-0.0350971,1277,5932
1952,780,134.967,-1.88451,1338,7515
1962,786,148.919,1.3952,1590,4977
1972,791,162.526,1.36072,1238,3376
1982,800,157.403,-0.512366,1461,6098
1992,809,143.988,-1.34149,1811,5686
2002,811,149.196,0.520876,1599,4078
2012,819,140.355,-0.884125,1234,6129
2022,833,132.726,-0.762926,1467,7534
2032,838,147.927,1.52011,1839,5310
2042,842,165.803,1.78758,1385,3376
2052,850,158.853,-0.694981,1457,6006
2062,864,133.483,-2.53702,1459,6924
2072,868,155.693,2.22106,1491,6560
2082,879,165.525,0.983159,1179,6924
2092,886,181.024,1.54989,1461,6856
2102,895,161.875,-1.91489,1601,6511
2112,904,171.977,1.01019,1497,7281
2122,910,169.017,-0.295964,1739,6246
2132,916,163.992,-0.502574,1515,5525
2142,928,150.62,-1.33716,1549,7318
2152,935,155.848,0.522795,1572,5901
2162,943,160.423,0.457546,1491,5766
2172,952,168.703,0.827932,1335,7490
2182,960,165.022,-0.36805,1553,6684
2192,968,165.718,0.0695496,1503,7318
2202,976,166.119,0.0401359,1962,5932
2212,980,163.531,-0.258783,1961,4287
2222,990,150.76,-1.27712,1925,6462
2232,1002,149.029,-0.173113,1811,7996
2242,1010,159.308,1.02788,2122,5907
2252,1017,176.517,1.72095,1412,4811
2262,1028,177.99,0.147296,1460,7115
2272,1036,176.021,-0.196943,1730,5205
2282,1039,174.884,-0.113653,1545,3456
2292,1048,173.345,-0.153962,1417,5618
2302,1058,169.595,-0.374928,1355,6665
2312,1066,169.047,-0.0548697,1392,5950
2322,1075,171.099,0.205223,1379,7250
2332,1084,172.767,0.166773,1168,5562
2342,1092,172.873,0.01062,1370,7534
2352,1100,172.959,0.00863026,1276,5236
2362,1110,171.78,-0.117893,1369,7706
2372,1118,172.071,0.0291016,1269,5655
2382,1129,172.308,0.0236492,1318,7638
2392,1138,176.247,0.393937,1287,6751
2402,1148,178.199,0.195223,1370,6782
2412,1156,182.284,0.408459,1336,6807
2422,1165,181.856,-0.0427886,1484,5907
2432,1169,181.508,-0.0347718,1295,3308
2442,1177,173.731,-0.777694,1263,5618
2452,1192,167.411,-0.631986,1174,7152
2462,1200,169.77,0.23586,1308,6653
2472,1209,176.683,0.691294,1086,6640
2482,1220,183.55,0.68668,1373,6819
2492,1226,184.134,0.0583992,1389,6566
2502,1239,182.11,-0.202355,1469,6468
2512,1245,185.462,0.335183,1285,4786
2522,1256,181.941,-0.352148,1297,6252
2532,1268,189.578,0.763768,1223,7632
2542,1277,191.166,0.158812,1460,5766
2552,1282,200.541,0.937483,1117,3628
2562,1290,189.034,-1.15067,1273,6135
2572,1306,171.116,-1.79181,1289,7349
2582,1314,180.512,0.939594,1395,7102
2592,1324,194.393,1.38806,1146,7373
2602,1334,208.042,1.36491,1429,6905
2612,1343,199.002,-0.904002,1520,7417
2622,1352,196.605,-0.239739,1690,5803
2632,1358,192.402,-0.420294,1527,3992
2642,1368,178.698,-1.37032,1445,6456
2652,1383,173.61,-0.508845,1413,7915
2662,1391,187.59,1.39802,1542,5507
2672,1398,201.297,1.37067,1152,3573
2682,1407,200.748,-0.0548481,1203,6295
2692,1422,183.515,-1.72332,1279,7324
2702,1429,193.306,0.979116,1287,6788
2712,1442,198.957,0.565031,1138,7749
2722,1452,213.495,1.45385,1461,6905
2732,1462,207.788,-0.570734,1487,7373
2742,1471,212.953,0.516474,1622,6351
2752,1478,204.655,-0.829732,1468,5217
2762,1491,191.409,-1.32466,1457,7207
2772,1502,192.223,0.0813978,1413,7909
2782,1512,198.331,0.610863,1561,7915
2792,1522,210.315,1.19835,1336,7558
2802,1532,208.772,-0.154286,1542,7842
2812,1542,205.062,-0.370981,1609,7226
2822,1553,202.921,-0.214087,1570,7866
2832,1558,204.505,0.158399,1595,8809
2842,1567,205.419,0.0914095,1518,3905
2852,1576,203.127,-0.229194,1474,5944
2862,1590,196.166,-0.696154,1297,6751
2872,1600,203.426,0.726042,1390,7848
2882,1610,210.436,0.700931,1137,5353
2892,1622,217.3,0.68644,1205,8106
2902,1630,216.557,-0.0743193,1131,5082
2912,1642,213.455,-0.310207,1252,7626
2922,1652,213.432,-0.00227467,1161,6431
2932,1664,210.915,-0.251661,1184,7078
2942,1674,213.867,0.295115,1195,7312
2952,1685,213.767,-0.00999001,1157,6308
2962,1698,214.935,0.116788,1161,6881
2972,1708,217.133,0.219813,1216,7084
2982,1719,218.919,0.178629,1251,7330
2992,1730,220.371,0.145161,1289,6930
3002,1741,219.052,-0.131849,1285,7226
3012,1752,219.23,0.0177606,1585,6111
3022,1758,219.374,0.014433,1356,3419
3032,1766,213.246,-0.612802,1338,5883
3042,1783,204.519,-0.872707,1272,7176
3052,1796,204.921,0.0402404,1328,8119
3062,1806,213.992,0.907045,1807,6240
3072,1814,223.861,0.986914,1807,3431
3082,1824,216.589,-0.727174,1843,5994
3092,1840,203.934,-1.26547,1772,7293
3102,1850,213.548,0.961387,1922,7490
3112,1864,228.291,1.47428,1060,6819
3122,1874,249.68,2.13885,1223,7429
3132,1885,236.853,-1.28262,1463,6104
3142,1890,234.892,-0.19619,1236,3714
3152,1899,200.582,-3.43092,1286,6123
3162,1915,181.68,-1.89027,1195,7441
3172,1932,191.89,1.02109,1225,8464
3182,1940,240.998,4.91076,1108,5969
3192,1947,259.02,1.8022,1146,3677
3202,1958,233.557,-2.54633,1169,6283
3212,1974,199.991,-3.35653,1103,7392
3222,1987,214.859,1.48674,1225,8106
3232,1998,243.734,2.8875,1494,6363
3242,2005,259.561,1.58274,1532,3751
3252,2016,223.056,-3.65055,1618,6720
3262,2034,202.543,-2.0513,1522,8267
3272,2045,228.394,2.58516,1754,8421
3282,2058,254.808,2.64141,1159,8008
3292,2069,272.195,1.73863,1415,7983
3302,2080,245.374,-2.68204,1557,7829
3312,2092,237.064,-0.831008,1476,8076
3322,2104,229.888,-0.717586,1621,7318
3332,2116,232.266,0.237767,1409,7552
3342,2128,237.604,0.533776,1535,7583
3352,2139,239.258,0.165386,1416,7915
3362,2152,235.169,-0.408862,1559,7490
3372,2160,238.503,0.333423,1360,7145
3382,2176,221.132,-1.73711,1514,7983
3392,2187,238.755,1.7623,1409,8020
3402,2200,235.013,-0.374177,1534,8304
3412,2205,256.859,2.18459,1500,8082
3422,2219,236.022,-2.08375,1458,7817
3432,2232,243.368,0.734681,1380,7453
3442,2244,245.645,0.227635,1550,6573
3452,2251,254.656,0.901097,1277,3333
3462,2260,228.717,-2.59385,1183,5618
3472,2276,202.322,-2.63956,1117,6850
3482,2294,209.234,0.691217,1052,7971
3492,2304,257.839,4.86054,866,6258
3502,2314,277.622,1.97825,908,5267
3512,2328,264.085,-1.35371,923,6764
3522,2342,240.597,-2.34877,906,7700
3532,2356,248.592,0.799474,1053,6603
3542,2368,268.307,1.97153,893,6566
3552,2381,267.277,-0.102968,1096,7466
3562,2392,262.709,-0.456808,1118,7287
3572,2406,248.454,-1.42549,1189,7885
3582,2418,251.517,0.306255,1145,6979
3592,2430,248.472,-0.304459,1265,7484
3602,2442,251.524,0.305127,1518,6456
3612,2450,244.29,-0.723352,1359,3560
3622,2460,224.858,-1.94319,1312,5932
3632,2476,209.254,-1.56038,1259,7269
3642,2495,220.184,1.09298,1265,8377
3652,2505,270.285,5.01012,1008,6628
3662,2514,288.938,1.86521,1041,4977
3672,2527,266.588,-2.23492,1080,6887
3682,2544,233.16,-3.34288,940,7946
3692,2556,250.008,1.6848,1166,7275
3702,2570,268.834,1.88265,1001,7885
3712,2584,280.028,1.11937,1272,7330
3722,2592,271.641,-0.838694,1224,6295
3732,2607,251.78,-1.98613,1315,7201
3742,2624,248.57,-0.320942,1200,8384
3752,2634,259.93,1.13594,1428,6258
3762,2642,272.528,1.25985,1049,3770
3772,2652,247.925,-2.46029,1194,6289
3782,2670,209.473,-3.84526,1111,7558
3792,2689,228.635,1.91624,1137,8544
3802,2700,281.801,5.31661,1038,6258
3812,2706,305.779,2.39779,1072,3739
3822,2718,264.489,-4.12901,1114,6443
3832,2736,219.824,-4.4665,1020,8106
3842,2755,232.489,1.26649,1176,9265
3852,2761,291.605,5.91166,1272,9628
3862,2774,317.239,2.56343,1297,4263
3872,2785,299.761,-1.74784,1395,5987
3882,2803,256.068,-4.36928,1516,9523
3892,2813,273.565,1.7497,1576,7195
3902,2827,263.647,-0.991795,1551,9092
3912,2842,275.603,1.19558,1329,7503
3922,2856,264.195,-1.14079,1589,9622
3932,2869,280.625,1.64293,1395,6918
3942,2886,280.168,-0.0456705,1375,7860
3952,2899,289.793,0.962552,1332,7681
3962,2913,287.507,-0.228609,1342,8254
3972,2926,291.767,0.425949,1446,6511
3982,2935,273.416,-1.83514,1294,4386
3992,2948,248.985,-2.44309,1238,6764
4002,2966,237.542,-1.1443,1234,7879
4012,2980,258.836,2.1294,1259,8476
4022,2994,288.932,3.00963,1394,6412
4032,3002,301.898,1.29663,1327,3856
4042,3006,256.643,-4.52553,1342,4811
4052,3022,215.23,-4.1413,1421,8414
4062,3044,213.874,-0.135626,1349,8482
4072,3058,280.23,6.63567,1364,6770
4082,3065,326.082,4.58515,1029,3918
4092,3076,299.8,-2.62816,1092,5815
4102,3094,238.835,-6.09654,929,7201
4112,3114,239.656,0.0821433,852,8032
4122,3126,301.005,6.13484,796,6653
4132,3139,323.799,2.27939,841,6893
4142,3156,307.019,-1.67798,862,7213
4152,3169,287.969,-1.90503,893,6874
4162,3185,287.051,-0.0918003,960,7435
4172,3198,300.881,1.38307,942,7053
4182,3212,286.159,-1.47228,956,7503
4192,3226,286.517,0.0358285,975,7176
4202,3240,277.222,-0.929528,988,7447
4212,3254,279.181,0.195903,1061,7263
4222,3268,279.758,0.0577774,1037,7460
4232,3282,279.929,0.0170402,1164,7355
4242,3295,279.979,0.00502566,1094,7373
4252,3311,275.293,-0.468565,1157,7626
4262,3324,283.312,0.801901,1060,7250
4272,3340,280.977,-0.233543,1069,7675
4282,3354,294.39,1.34126,972,7373
4292,3368,288.944,-0.544517,996,7644
4302,3382,292.039,0.309453,949,7361
4312,3396,283.551,-0.848828,951,7571
4322,3411,281.572,-0.197893,989,7564
4332,3427,283.726,0.215475,986,7928
4342,3441,290.609,0.688237,1100,7386
4352,3454,294.581,0.39717,1015,7318
4362,3470,291.234,-0.334691,1138,7829
4372,3482,289.302,-0.193144,1100,7706
4382,3500,282.549,-0.67535,1207,7903
4392,3512,287.067,0.451873,1088,7620
4402,3528,285.743,-0.132414,1235,7909
4412,3542,289.663,0.39202,1106,7626
4422,3558,287.853,-0.181054,1197,8254
4432,3572,291.378,0.352493,1101,7823
4442,3586,291.744,0.0366379,1178,7983
4452,3602,292.042,0.0297734,1109,7996
4462,3618,292.284,0.0241951,1177,8273
4472,3632,294.979,0.269474,1204,8119
4482,3648,297.169,0.218986,1184,8451
4492,3662,301.185,0.401694,1312,7435
4502,3675,297.865,-0.33208,1156,6751
4512,3693,293.129,-0.473582,1191,8402
4522,3706,296.035,0.290594,1199,7558
4532,3721,294.892,-0.114248,1190,8039
4542,3736,299.872,0.497959,1140,7453
4552,3746,294.287,-0.558472,1178,5920
4562,3762,282.606,-1.16812,1160,7601
4572,3782,278.684,-0.392156,1043,8704
4582,3797,290.519,1.18342,1215,9098
4592,3812,311.445,2.09266,1063,8377
4602,3828,320.702,0.92569,1234,8642
4612,3842,314.766,-0.593581,1360,7281
4622,3854,308.521,-0.62449,1233,5359
4632,3868,296.459,-1.20622,1206,7361
4642,3888,283.859,-1.25998,1101,8729
4652,3904,293.505,0.96456,1206,9086
4662,3920,310.349,1.68441,1100,7681
4672,3932,325.708,1.53593,1128,6831
4682,3941,312.016,-1.3692,1155,8039
4692,3959,309.754,-0.226251,1185,8649
4702,3974,314.087,0.433325,1214,8464
4712,3990,325.046,1.0959,1232,9147
4722,4005,325.732,0.068534,1155,8180
4732,4021,317.669,-0.806285,1332,9437
4742,4036,315.835,-0.183348,1341,8093
4752,4052,311.958,-0.387752,1344,9634
4762,4066,312.539,0.0581802,1333,7343
4772,4084,307.236,-0.530315,1333,9936
4782,4099,312.634,0.539799,1334,7872
4792,4116,312.93,0.0295637,1262,7737
4802,4131,321.559,0.862896,1159,7460
4812,4148,318.08,-0.347873,1088,7688
4822,4163,321.712,0.363139,958,7361
4832,4179,318.168,-0.354329,867,7712
4842,4195,318.943,0.0774679,796,7453
4852,4210,316.571,-0.23724,813,7564
4862,4226,315.201,-0.136907,778,7509
4872,4242,314.411,-0.0790065,798,7577
4882,4258,313.955,-0.0455933,787,7386
4892,4274,316.512,0.255634,766,7478
4902,4290,317.987,0.147522,792,7681
4912,4306,318.364,0.037715,768,7435
4922,4322,318.671,0.0306487,792,7441
4932,4338,318.92,0.0249064,766,7472
4942,4356,319.122,0.02024,787,7577
4952,4372,321.785,0.26626,792,7909
4962,4388,323.948,0.216374,831,7780
4972,4404,325.707,0.175834,845,7774
4982,4420,324.638,-0.106922,876,7842
4992,4437,323.769,-0.0868895,888,7879
5002,4452,324.312,0.0542963,905,7688
5012,4469,323.504,-0.0807828,878,7768
5022,4485,324.096,0.0592588,897,7946
5032,4502,323.329,-0.0767501,867,7897
5042,4518,325.203,0.187442,873,7842
5052,4534,325.478,0.0274169,847,7854
5062,4550,325.7,0.0222801,862,7780
5072,4567,324.632,-0.106801,830,7866
5082,4585,325.013,0.0381158,855,7860
5092,4602,327.821,0.280787,877,8328
5102,4620,331.352,0.353085,963,8451
5112,4636,335.471,0.411838,1003,8846
5122,4652,337.386,0.191558,1123,8008
5132,4669,335.672,-0.1714,1092,8334
5142,4685,331.864,-0.380857,1304,6794
5152,4695,329.666,-0.219786,1107,3998
5162,4709,311.481,-1.8185,1090,6640
5172,4732,292.528,-1.89526,969,8858
5182,4753,301.327,0.879893,1053,9659
5192,4768,337.419,3.60917,1302,6967
5202,4781,361.066,2.36473,1324,4127
5212,4786,346.518,-1.45481,1317,4934
5222,4806,307.108,-3.94094,1428,9074
5232,4828,298.463,-0.864521,1381,7934
5242,4846,318.849,2.03861,1468,9998
5252,4860,364.078,4.5229,1177,5020
5262,4872,361.805,-0.227307,1162,4398
5272,4888,323.643,-3.81626,1226,8766
5282,4909,294.542,-2.91004,1126,7207
5292,4930,315.962,2.14201,1180,9591
5302,4944,363.107,4.71447,883,8895
5312,4963,369.926,0.681873,1079,9067
5322,4980,363.307,-0.66184,1181,9880
5332,4996,343.321,-1.99863,1114,8100
5342,5014,345.552,0.223079,1310,9985
5352,5030,341.85,-0.370192,1237,7601
5362,5051,336.171,-0.567877,1138,7509
5372,5067,356.505,2.0334,1034,7669
5382,5086,354.39,-0.211494,986,8082
5392,5101,367.021,1.2631,869,7737
5402,5120,344.559,-2.24627,805,8285
5412,5136,350.409,0.585089,808,7879
5422,5154,339.023,-1.13861,842,8057
5432,5170,348.565,0.954172,819,8002
5442,5188,338.409,-1.01563,824,8100
5452,5205,343.915,0.550628,862,7915
5462,5222,341.305,-0.261048,813,7965
5472,5240,344.88,0.35754,855,8310
5482,5256,346.071,0.119137,811,7977
5492,5276,342.26,-0.381102,865,8291
5502,5294,353.396,1.11354,843,8538
5512,5310,357.541,0.414559,918,8544
5522,5328,359.085,0.154336,941,8538
5532,5346,353.833,-0.525178,991,8531
5542,5363,352.49,-0.134265,1018,8538
5552,5380,352.648,0.0157967,1021,8544
5562,5398,351.527,-0.112069,1030,8439
5572,5415,350.617,-0.091072,1026,8476
5582,5433,349.877,-0.0740088,1021,8568
5592,5450,350.524,0.0647637,1024,8575
5602,5468,349.802,-0.0722766,1023,8501
5612,5486,350.463,0.0661713,1011,8470
5622,5504,351.001,0.0537735,1003,8655
5632,5521,352.687,0.168605,997,8630
5642,5540,352.808,0.0121088,1012,8649
5652,5550,354.156,0.134746,1047,8944
5662,5576,357.749,0.359313,1064,9061
5672,5594,361.085,0.333628,1122,9104
5682,5612,362.547,0.146213,1149,9030
5692,5630,361.237,-0.130994,1175,8957
5702,5638,361.005,-0.02318,1192,9184
5712,5665,358.319,-0.268649,1191,9067
5722,5684,356.136,-0.218315,1190,9074
5732,5702,355.611,-0.0525058,1167,9006
5742,5720,357.682,0.207144,1154,9024
5752,5738,359.365,0.168334,1163,9024
5762,5756,359.484,0.0118886,1177,8913
5772,5764,359.581,0.00966116,1176,9117
5782,5784,357.161,-0.241961,1182,9505
5792,5804,357.693,0.0531848,1114,8180
5802,5823,360.624,0.293033,1037,8051
5812,5841,366.752,0.612849,937,8069
5822,5859,369.234,0.248213,844,8026
5832,5877,368.753,-0.0481041,734,7872
5842,5896,367.113,-0.163998,667,7897
5852,5914,367.029,-0.00836488,660,7989
5862,5932,366.962,-0.00679764,659,8008
5872,5950,366.906,-0.00552404,661,7959
5882,5969,365.612,-0.129395,651,7922
5892,5987,365.81,0.0197544,655,8008
5902,6006,365.97,0.0160532,666,7909
5912,6026,367.35,0.137952,664,8039
5922,6044,369.72,0.237011,682,8273
5932,6063,371.646,0.192605,705,8390
5942,6081,373.211,0.156519,747,8248
5952,6100,371.985,-0.122619,752,8310
5962,6118,372.238,0.0252611,784,8328
5972,6136,371.194,-0.104378,783,8365
5982,6155,370.346,-0.0848219,809,8223
5992,6174,369.656,-0.0689297,774,8322
6002,6192,370.345,0.0688912,787,8328
6012,6211,370.905,0.0559838,758,8316
6022,6229,371.36,0.0454947,775,8162
6032,6248,370.481,-0.0879354,725,8347
6042,6266,371.015,0.0534463,756,8439
6052,6286,370.2,-0.0814736,734,8328
6062,6306,372.036,0.183604,760,8439
6072,6326,374.778,0.27411,760,8889
6082,6344,379.503,0.472565,867,8716
6092,6354,380.845,0.134213,894,8685
6102,6374,381.936,0.109067,938,9702
6112,6392,382.822,0.0886325,1021,9012
6122,6412,383.543,0.0720264,1089,9917
6132,6430,384.128,0.0585316,1113,7712
6142,6450,382.105,-0.202247,1097,10022
6152,6468,382.96,0.0854581,1128,8310
6162,6488,381.156,-0.180366,1106,10016
6172,6505,382.189,0.10324,1137,8692
6182,6526,379.281,-0.290822,1075,9696
6192,6546,380.664,0.138385,1112,8433
6202,6565,381.789,0.112457,980,8093
6212,6585,385.201,0.3412,914,8328
6222,6604,386.725,0.152367,791,8008
6232,6623,386.714,-0.00108687,710,8143
6242,6642,386.705,-0.000883237,640,8039
6252,6661,385.449,-0.125624,599,8088
6262,6680,384.428,-0.102087,633,8180
6272,6699,383.598,-0.0829602,608,7922
6282,6719,382.924,-0.0674168,636,8279
6292,6738,383.625,0.0701206,593,8008
6302,6757,384.195,0.0569828,620,8088
6312,6776,384.658,0.0463066,604,7971
6322,6796,383.785,-0.0872756,585,8150
6332,6815,384.325,0.0539825,613,8285
6342,6836,384.764,0.0438684,600,7897
6352,6856,387.619,0.285462,621,8248
6362,6877,389.938,0.231978,603,8180
6372,6896,394.322,0.438327,654,8334
6382,6916,396.723,0.240149,650,8531
6392,6936,398.109,0.138586,676,8470
6402,6955,396.089,-0.20197,684,8402
6412,6974,394.924,-0.116553,706,8421
6422,6994,391.432,-0.349206,697,8618
6432,7014,389.416,-0.201521,700,8513
6442,7033,391.073,0.165651,692,8531
6452,7054,392.029,0.0955943,714,8667
6462,7074,395.4,0.337111,735,8969
6472,7084,397.345,0.194541,790,9591
6482,7105,401.288,0.394211,858,8944
6492,7125,403.562,0.227492,914,9794
6502,7144,404.875,0.131282,981,9308
6512,7164,402.813,-0.206185,1046,9862
6522,7184,398.804,-0.400931,1093,9221
6532,7204,396.49,-0.23137,1077,9998
6542,7224,397.975,0.148425,1103,9086
6552,7244,398.831,0.0856537,1087,9893
6562,7263,399.326,0.0494293,1092,9086
6572,7284,396.791,-0.25342,1071,10121
6582,7302,397.392,0.0601176,1077,8093
6592,7324,395.383,-0.200958,1063,10281
6602,7344,397.497,0.211412,1109,8550
6612,7365,397.966,0.0468955,1071,8513
6622,7383,402.094,0.412828,1000,8236
6632,7405,400.453,-0.164144,954,8575
6642,7424,401.617,0.116422,900,8365
6652,7444,400.065,-0.155203,834,8279
6662,7462,401.302,0.123688,691,8057
6672,7484,397.311,-0.399111,811,8414
6682,7504,397.815,0.0503849,638,8513
6692,7525,398.224,0.0409449,791,8371
6702,7544,402.304,0.407992,645,8162
6712,7566,401.872,-0.0431677,755,8384
6722,7584,404.02,0.214733,663,8057
6732,7605,402.017,-0.200218,801,8304
6742,7626,402.889,0.087107,632,8470
6752,7646,402.347,-0.0541195,788,8093
6762,7666,404.406,0.205833,721,8230
6772,7688,404.829,0.0423618,750,8716
6782,7708,406.423,0.159331,726,8482
6792,7729,407.717,0.129479,781,8525
6802,7748,410.019,0.230126,695,8384
6812,7770,408.142,-0.187709,722,8421
6822,7788,409.114,0.0972726,670,8088
6832,7810,406.158,-0.295671,662,8470
6842,7830,407.502,0.134444,622,8525
6852,7850,406.096,-0.140557,639,8353
6862,7871,407.452,0.13559,601,8464
6872,7892,407.305,-0.0147205,618,8396
6882,7914,408.435,0.112944,606,8279
6892,7936,411.851,0.341595,649,8901
6902,7956,415.876,0.4025,674,9043
6912,7977,417.897,0.202182,747,9111
6922,7998,418.291,0.039395,777,9012
6932,8018,417.362,-0.0928922,818,9203
6942,8038,416.608,-0.075488,896,8963
6952,8059,414.745,-0.186251,861,9092
6962,8080,413.231,-0.151355,892,9191
6972,8100,413.251,0.00190899,856,9135
6982,8121,413.266,0.00155132,901,9129
6992,8142,413.279,0.00126067,822,9160
7002,8152,413.289,0.00102447,866,9825
7012,8175,413.297,0.000832525,910,9517
7022,8196,415.802,0.250489,923,9893
7032,8216,417.838,0.203558,961,9560
7042,8238,419.492,0.165419,991,10121
7052,8258,419.587,0.00952009,1044,9080
7062,8279,418.415,-0.11717,1049,10262
7072,8299,418.712,0.0296893,1047,8778
7082,8320,416.455,-0.225686,1059,10404
7092,8340,415.87,-0.0584952,1048,7380
7102,8360,414.146,-0.172442,991,9794
7112,8384,412.745,-0.140133,988,9166
7122,8404,415.353,0.260841,998,10435
7132,8424,417.473,0.21197,1005,8729
7142,8446,419.195,0.172255,959,10429
7152,8468,418.097,-0.109831,1079,8556
7162,8492,421.721,0.362423,998,8402
7172,8514,435.091,1.33693,878,8833
7182,8534,442.806,0.771518,860,8433
7192,8555,441.619,-0.118661,764,8556
7202,8576,432.476,-0.914312,669,8550
7212,8596,424.38,-0.809579,621,8242
7222,8618,419.708,-0.467194,630,8636
7232,8640,419.832,0.0123359,579,8772
7242,8661,422.722,0.289064,599,8470
7252,8682,427.21,0.448759,557,8531
7262,8704,426.98,-0.0229743,569,8495
7272,8724,426.848,-0.0132581,578,8427
7282,8748,423.952,-0.289596,574,8630
7292,8769,430.739,0.678714,556,8772
7302,8790,431.836,0.109729,611,8766
7312,8812,435.289,0.345268,598,8753
7322,8834,431.642,-0.364642,627,9024
7332,8854,432.357,0.0715165,648,8815
7342,8876,429.951,-0.240674,657,8772
7352,8897,428.562,-0.138889,646,8852
7362,8918,426.958,-0.160414,644,8790
7372,8940,426.903,-0.0054528,641,8766
7382,8962,426.859,-0.00443117,608,8901
7392,8983,428.072,0.121305,623,8809
7402,9004,429.058,0.0985776,605,8747
7412,9026,428.61,-0.0447981,608,8876
7422,9047,428.246,-0.0364047,603,8833
7432,9068,427.95,-0.029584,620,8821
7442,9092,427.709,-0.0240411,617,9172
7452,9114,430.012,0.230276,683,9271
7462,9136,433.133,0.312038,712,9234
7472,9157,436.917,0.378481,757,9301
7482,9178,436.246,-0.0671499,784,9437
7492,9200,434.451,-0.179475,849,9283
7502,9222,432.993,-0.145849,813,9357
7512,9244,433.056,0.00638368,837,9406
7522,9265,434.357,0.130094,823,9314
7532,9287,434.166,-0.0191867,836,9412
7542,9309,434.01,-0.0155919,808,9449
7552,9330,433.883,-0.0126706,832,9406
7562,9352,433.78,-0.0102966,807,9301
7572,9374,433.696,-0.00836746,799,9431
7582,9396,433.628,-0.00679974,800,9234
7592,9407,434.822,0.11938,828,9523
7602,9432,435.792,0.0970134,841,10041
7612,9453,440.328,0.453556,865,9880
7622,9475,442.764,0.243672,907,9917
7632,9496,444.745,0.198017,935,9874
7642,9518,441.358,-0.338708,963,10195
7652,9540,439.854,-0.150342,986,9714
7662,9563,438.632,-0.122174,974,10244
7672,9584,440.138,0.150529,974,9856
7682,9607,440.112,-0.00258011,982,10121
7692,9628,441.34,0.12281,973,9708
7702,9651,439.84,-0.150012,970,10373
7712,9673,441.119,0.127906,976,9308
7722,9696,440.909,-0.0209644,976,10509
7732,9717,443.237,0.232776,973,9406
7742,9740,442.631,-0.0606493,990,10644
7752,9763,443.387,0.0756202,1025,9123
7762,9788,444.001,0.061452,921,8722
7772,9810,449.497,0.549563,833,8544
7782,9833,452.714,0.321691,745,8790
7792,9855,455.328,0.261419,639,8649
7802,9878,453.705,-0.162279,541,8753
7812,9900,453.636,-0.006968,487,8704
7822,9922,452.33,-0.130569,502,8883
7832,9944,451.269,-0.106105,497,8704
7842,9966,449.157,-0.211132,503,8704
7852,9991,447.442,-0.171574,498,8858
7862,10014,449.795,0.23529,510,8883
7872,10036,452.956,0.316113,534,9043
7882,10060,455.525,0.256886,554,9234
7892,10072,457.417,0.18927,604,9794
7902,10094,461.329,0.39117,669,9862
7912,10128,463.586,0.225737,706,9542
7922,10140,461.13,-0.245658,757,9979
7932,10162,459.712,-0.141765,785,9831
7942,10184,458.894,-0.08181,803,10127
7952,10206,456.542,-0.235174,806,9751
7962,10230,449.546,-0.699605,800,9942
7972,10252,451.148,0.16016,792,9998
7982,10275,452.072,0.0924257,785,10028
7992,10300,455.425,0.335282,815,10078
8002,10322,460.179,0.475431,784,9111
8012,10347,462.923,0.274363,731,8649
8022,10370,470.145,0.72222,678,8741
8032,10392,468.674,-0.14711,617,8796
8042,10415,467.825,-0.0848944,541,8716
8052,10438,461.696,-0.612881,447,8704
8062,10460,458.159,-0.353683,445,8753
8072,10483,456.118,-0.204104,444,8698
8082,10506,454.941,-0.117785,451,8741
8092,10531,454.261,-0.0679716,439,8716
8102,10554,462.327,0.80661,456,8722
8112,10577,466.982,0.46548,460,8864
8122,10600,469.668,0.268621,471,8852
8132,10622,465.579,-0.408874,481,8778
8142,10646,460.4,-0.517899,490,8889
8152,10668,460.231,-0.0169254,482,8858
8162,10690,457.314,-0.291712,493,8766
8172,10714,455.63,-0.168342,475,8815
8182,10736,454.659,-0.0971473,482,8926
8192,10760,454.098,-0.056062,474,8741
8202,10782,459.414,0.531538,473,8913
8212,10806,456.842,-0.257149,471,8833
8222,10828,460.997,0.415494,481,8821
8232,10852,457.756,-0.324116,476,8864
8242,10874,461.524,0.376849,473,8907
8252,10897,458.06,-0.346417,498,8809
8262,10920,458.881,0.0820336,464,8833
8272,10946,456.535,-0.234605,487,8864
8282,10968,460.931,0.439647,495,8944
8292,10992,463.255,0.232368,514,9425
8302,11015,466.392,0.313738,543,9037
8312,11038,465.194,-0.119762,569,9178
8322,11061,465.47,0.0275826,602,9147
8332,11084,464.445,-0.102491,591,9123
8342,11107,463.613,-0.0832888,624,9166
8352,11130,462.936,-0.0676838,576,9141
8362,11154,462.386,-0.0550026,614,9228
8372,11176,463.188,0.0802089,557,8926
8382,11200,462.59,-0.0597253,564,9431
8392,11223,463.354,0.0763711,541,9092
8402,11234,462.726,-0.062844,576,9345
8412,11260,462.215,-0.0510696,602,10293
8422,11284,464.298,0.208311,642,10096
8432,11307,467.24,0.294188,674,9899
8442,11332,470.88,0.363976,695,9147
8452,11356,472.589,0.170875,648,8907
8462,11380,473.977,0.13886,621,8839
8472,11402,476.355,0.23775,536,8926
8482,11426,474.54,-0.181514,480,8759
8492,11448,473.064,-0.147505,408,8883
8502,11473,469.368,-0.369681,424,9024
8512,11498,470.111,0.0743006,405,8766
8522,11522,471.964,0.185286,438,8944
8532,11546,475.967,0.400383,413,8858
8542,11568,477.972,0.200462,449,8870
8552,11592,475.854,-0.211815,416,8901
8562,11616,474.133,-0.17213,450,8981
8572,11638,472.734,-0.13988,426,8803
8582,11662,471.597,-0.113672,434,8932
8592,11686,470.673,-0.0923745,421,8926
8602,11709,469.923,-0.0750672,431,8852
8612,11733,470.562,0.0639035,414,8944
8622,11756,471.081,0.0519306,418,8839
8632,11780,470.254,-0.0827053,421,8846
8642,11804,470.831,0.0576965,419,8950
8652,11827,471.3,0.0468866,420,8846
8662,11850,471.681,0.0381019,419,8858
8672,11876,470.741,-0.0939431,416,8827
8682,11902,472.476,0.173471,428,8870
8692,11926,477.633,0.515688,445,9203
8702,11950,483.073,0.543975,469,9363
8712,11974,484.995,0.192244,501,9246
8722,11997,484.059,-0.0935873,519,9252
8732,12020,482.05,-0.200959,536,9412
8742,12044,479.167,-0.288214,543,9203
8752,12068,476.825,-0.234214,531,9320
8762,12092,476.171,-0.0654257,526,9308
8772,12116,476.888,0.0717386,524,9178
8782,12139,477.471,0.0582977,522,9449
8792,12163,476.696,-0.0775311,521,9277
8802,12174,476.066,-0.063005,557,9671
8812,12202,473.056,-0.301013,580,10287
8822,12227,476.855,0.379916,591,9320
8832,12251,481.192,0.433641,584,8969
8842,12274,487.214,0.602207,545,9043
8852,12298,485.862,-0.135153,525,8938
8862,12322,483.515,-0.234737,490,8815
8872,12346,481.607,-0.190757,411,9037
8882,12370,481.306,-0.0301107,377,9055
8892,12394,481.061,-0.0244692,418,8907
8902,12418,480.862,-0.0198846,387,9111
8912,12444,480.701,-0.0161591,416,8667
8922,12467,483.068,0.236681,396,8716
8932,12494,483.742,0.0674303,403,8858
8942,12518,488.037,0.429515,407,9080
8952,12542,489.029,0.0992291,423,9049
8962,12566,491.085,0.205544,422,9289
8972,12590,489.008,-0.207685,461,8975
8982,12614,487.32,-0.168774,464,8969
8992,12638,485.949,-0.137152,473,9166
9002,12661,484.834,-0.111456,468,8778
9012,12686,482.679,-0.21548,488,9123
9022,12710,482.177,-0.0502012,436,9289
9032,12734,481.769,-0.0407955,492,9074
9042,12758,482.687,0.0917541,453,9184
9052,12782,482.184,-0.0503431,476,8975
9062,12806,481.774,-0.0409108,481,8876
9072,12834,481.442,-0.0332458,491,9221
9082,12857,486.168,0.472608,484,9271
9092,12881,488.76,0.259154,523,9357
9102,12906,490.866,0.210599,505,9505
9112,12930,488.83,-0.203577,550,9326
9122,12954,488.425,-0.0405288,536,9437
9132,12978,488.095,-0.0329354,566,9431
9142,13002,486.578,-0.151671,542,9240
9152,13027,485.346,-0.123254,539,9585
9162,13050,485.593,0.0247451,505,9314
9172,13075,484.545,-0.104797,519,9449
9182,13099,484.943,0.0397436,489,9480
9192,13123,484.017,-0.0926089,491,9351
9202,13136,484.513,0.0496484,525,10010
9212,13163,486.166,0.165253,539,10269
9222,13187,491.256,0.50901,575,10312
9232,13211,495.392,0.413642,619,10219
9242,13236,496.256,0.0863298,655,10460
9252,13260,494.459,-0.179657,697,10059
9262,13284,492.999,-0.145997,736,10490
9272,13308,491.813,-0.118643,729,10078
9282,13332,489.599,-0.22132,721,10324
9292,13357,487.801,-0.179854,723,10139
9302,13382,487.588,-0.0212504,712,10509
9312,13406,488.665,0.107637,722,9924
9322,13431,489.539,0.0874705,710,10546
9332,13454,490.25,0.071082,726,10016
9342,13480,488.33,-0.192048,710,10361
9352,13507,489.267,0.0937462,694,9351
9362,13532,492.527,0.325994,607,9147
9372,13558,497.674,0.514729,562,8957
9382,13583,501.857,0.41829,486,9135
9392,13607,503.891,0.203394,446,9037
9402,13632,502.246,-0.16457,369,9178
9412,13656,498.476,-0.376916,388,9030
9422,13680,493.482,-0.499456,379,9024
9432,13706,490.6,-0.288228,404,9160
9442,13730,491.756,0.115614,379,9074
9452,13755,492.423,0.0667188,407,9141
9462,13782,495.627,0.320447,386,9067
9472,13807,500.296,0.46687,408,9055
9482,13834,505.81,0.551367,400,9295
9492,13858,514.631,0.882074,444,9480
9502,13882,511.262,-0.336805,450,9320
9512,13908,506.499,-0.47631,473,9640
9522,13932,500.931,-0.556815,488,9338
9532,13957,497.718,-0.321328,503,9468
9542,13982,498.683,0.0965122,478,9609
9552,14006,496.421,-0.22625,484,9443
9562,14032,495.115,-0.130565,476,9628
9572,14056,497.181,0.206598,473,9523
9582,14068,495.554,-0.162721,507,9936
9592,14096,495.138,-0.0416007,535,10441
9602,14124,497.298,0.216006,553,9499
9612,14148,504.049,0.67516,540,9141
9622,14173,509.536,0.548663,511,9209
9632,14198,510.247,0.0711469,491,9135
9642,14222,507.078,-0.316902,451,8950
9652,14248,504.503,-0.257527,375,9166
9662,14273,503.659,-0.0843709,345,9455
9672,14297,502.974,-0.0685633,407,9129
9682,14322,502.417,-0.0557173,366,9320
9692,14350,500.715,-0.170184,403,8938
9702,14376,503.079,0.23642,392,9092
9712,14402,507.498,0.441937,408,9375
9722,14426,512.339,0.484042,378,8950
9732,14452,511.276,-0.106273,395,9240
9742,14478,510.412,-0.0863614,379,9474
9752,14502,509.711,-0.0701808,397,9215
9762,14528,509.14,-0.0570318,384,9332
9772,14552,508.677,-0.0463463,405,9178
9782,14576,505.802,-0.287475,413,9215
9792,14604,503.466,-0.233614,421,9277
9802,14617,504.066,0.0599681,456,9696
9812,14645,507.051,0.298545,480,10398
9822,14670,514.473,0.742235,505,9714
9832,14694,516.758,0.228451,547,10712
9842,14720,516.116,-0.0641636,581,9967
9852,14746,513.097,-0.301954,652,10792
9862,14770,511.892,-0.120474,668,9745
9872,14796,510.913,-0.0979022,677,10780
9882,14820,510.117,-0.0795593,704,9745
9892,14846,506.973,-0.314466,704,10829
9902,14870,506.915,-0.00573507,715,10238
9912,14898,504.371,-0.254473,653,9566
9922,14926,507.299,0.29283,627,9228
9932,14952,512.177,0.487778,537,9166
9942,14977,518.639,0.646201,489,9351
9952,15002,522.034,0.339514,431,9172
9962,15027,515.535,-0.649908,371,9147
9972,15052,508.965,-0.656995,351,9314
9982,15078,505.173,-0.37914,361,9258
9992,15103,505.805,0.0631498,365,9184
10002,15128,506.169,0.0364426,349,9301
10012,15154,506.38,0.0210304,368,9123
10022,15178,506.501,0.0121363,358,9172
10032,15207,503.752,-0.274941,361,9172
10042,15232,513.443,0.969116,364,9228
10052,15258,516.216,0.277315,376,9363
10062,15283,523.455,0.723924,367,9271
10072,15308,516.355,-0.710017,376,9283
10082,15334,512.258,-0.409738,370,9449
10092,15359,509.893,-0.236453,385,9246
10102,15384,508.529,-0.136453,376,9215
10112,15410,507.741,-0.0787444,379,9437
10122,15434,507.287,-0.045442,377,9240
10132,15460,504.205,-0.308169,377,9462
10142,15486,505.246,0.104106,370,9215
10152,15510,505.847,0.0600779,377,9197
10162,15537,506.194,0.0346699,369,9511
10172,15562,509.213,0.301952,375,9240
10182,15588,508.136,-0.107694,377,9320
10192,15613,508.25,0.0114188,378,9462
10202,15626,508.235,-0.00152429,436,10330
10212,15654,508.284,0.00490697,420,9763
10222,15680,511.728,0.344413,458,10638
10232,15704,515.776,0.40479,464,9653
10242,15730,516.568,0.0791365,499,10503
10252,15756,514.713,-0.185503,495,10139
10262,15781,513.205,-0.150747,527,10373
10272,15808,513.229,0.0024029,517,10096
10282,15832,514.498,0.126859,529,10724
10292,15858,513.03,-0.146722,523,9739
10302,15884,513.087,0.00567418,540,10632
10312,15909,511.884,-0.120295,514,9739
10322,15935,512.156,0.0271495,528,10638
10332,15961,512.376,0.0220628,523,10084
10342,15986,512.556,0.0179291,502,10361
10352,16012,512.701,0.0145699,493,10201
10362,16038,512.82,0.0118401,515,10712
10372,16069,512.916,0.00962176,501,9813
10382,16094,520.489,0.757256,509,9332
10392,16118,525.393,0.490471,472,9117
10402,16145,526.881,0.148764,463,9289
10412,16172,523.094,-0.378733,417,9566
10422,16198,522.514,-0.0579614,385,9431
10432,16223,527.09,0.457569,320,9295
10442,16248,524.091,-0.299835,350,9228
10452,16274,516.722,-0.736919,311,9437
10462,16300,512.469,-0.425263,360,9523
10472,16326,512.835,0.0365331,343,9203
10482,16354,515.865,0.303028,348,9240
10492,16383,523.253,0.738762,329,9197
10502,16408,535.974,1.27216,345,9357
10512,16435,540.496,0.452197,341,9548
10522,16460,540.286,-0.02099,348,9301
10532,16486,528.887,-1.13989,357,9505
10542,16512,525.129,-0.375867,375,9431
10552,16538,520.14,-0.498851,380,9375
10562,16564,520.081,-0.00593335,387,9591
10572,16589,520.047,-0.00342403,373,9240
10582,16616,517.208,-0.283921,383,9480
10592,16629,518.389,0.118099,411,10238
10602,16656,519.07,0.068153,428,10423
10612,16684,525.102,0.60322,429,10115
10622,16711,531.403,0.630053,433,9529
10632,16736,537.858,0.645537,413,9523
10642,16764,535.945,-0.191362,409,9646
10652,16790,534.84,-0.110432,392,9480
10662,16816,531.383,-0.345673,351,9597
10672,16842,532.208,0.0824631,321,9554
10682,16866,527.045,-0.516302,339,9536
10692,16894,518.427,-0.861839,333,9825
10702,16920,519.092,0.066538,347,9837
10712,16948,519.476,0.0383979,364,9431
10722,16974,530.975,1.14994,350,9449
10732,17000,531.973,0.0997195,354,9252
10742,17026,532.548,0.0575463,334,9455
10752,17052,527.241,-0.530681,350,9314
10762,17077,524.179,-0.306247,315,9295
10772,17104,519.592,-0.458675,333,9468
10782,17130,519.765,0.017252,309,9462
10792,17156,519.864,0.0099558,345,9462
10802,17182,522.741,0.28769,317,9351
10812,17208,521.582,-0.115924,346,9431
10822,17235,520.913,-0.0668977,313,9573
10832,17260,523.346,0.24334,364,9332
10842,17286,522.719,-0.0626948,324,9468
10852,17313,522.21,-0.0509483,365,9449
10862,17341,521.796,-0.0414027,328,9160
10872,17368,525.207,0.341073,356,9468
10882,17396,529.227,0.402076,318,9326
10892,17422,533.744,0.45165,341,9505
10902,17449,536.39,0.264587,339,9542
10912,17476,537.917,0.152689,370,9634
10922,17502,535.978,-0.193831,379,9560
10932,17528,534.86,-0.111857,403,9499
10942,17553,531.395,-0.346495,393,9462
10952,17580,523.756,-0.763847,403,9646
10962,17592,522.168,-0.158857,428,9899
10972,17621,515.612,-0.655564,424,10429
10982,17648,523.107,0.749466,427,10330
10992,17676,527.432,0.432504,419,9696
11002,17704,541.205,1.37737,404,9702
11012,17730,546.335,0.512911,392,9653
11022,17756,546.475,0.014047,386,9523
11032,17782,540.917,-0.555784,353,9690
11042,17808,532.071,-0.884623,323,9529
11052,17834,526.966,-0.5105,305,9628
11062,17860,524.02,-0.294601,321,9603
11072,17886,522.32,-0.170009,313,9622
11082,17913,521.339,-0.0981092,333,9825
11092,17940,523.592,0.225328,323,9702
11102,17969,527.712,0.411978,330,9634
11112,17998,538.548,1.08358,332,9147
11122,18022,550.44,1.18921,327,9246
11132,18050,548.844,-0.159566,333,9511
11142,18076,545.104,-0.374028,317,9585
11152,18103,534.487,-1.06168,342,9548
11162,18130,536.818,0.233158,320,9437
11172,18156,535.345,-0.147393,356,9529
11182,18182,534.494,-0.0850582,332,9499
11192,18208,531.184,-0.331031,373,9425
11202,18237,526.454,-0.472977,354,9566
11212,18264,532.183,0.572888,372,9554
11222,18290,538.308,0.612549,357,9449
11232,18317,541.843,0.353491,366,9683
11242,18344,538.244,-0.359897,356,9659
11252,18370,536.167,-0.20769,383,9634
11262,18396,534.969,-0.119854,367,9591
11272,18423,533.413,-0.155548,387,9646
11282,18450,532.149,-0.126404,386,9671
11292,18476,532.371,0.0221848,403,9511
11302,18501,532.551,0.0180283,380,9462
11312,18529,530.2,-0.235162,391,9696
11322,18555,529.538,-0.0661959,362,9542
11332,18582,529,-0.0537935,374,9616
11342,18608,531.061,0.206098,351,9443
11352,18634,530.238,-0.0823291,358,9474
11362,18648,529.569,-0.066904,383,10071
11372,18678,530.274,0.0705373,402,10731
11382,18706,535.843,0.556946,401,9961
11392,18734,542.867,0.70241,407,9677
11402,18758,548.576,0.570807,392,9560
11412,18786,545.72,-0.285577,384,9665
11422,18813,543.399,-0.232071,369,9714
11432,18840,540.264,-0.313497,320,9597
11442,18866,542.972,0.270777,285,9757
11452,18892,538.896,-0.40763,306,9739
11462,18920,533.724,-0.517181,295,9893
11472,18946,533.559,-0.016511,327,9751
11482,18972,533.463,-0.00952818,325,9819
11492,19000,533.408,-0.00549855,346,9930
11502,19028,533.377,-0.00317311,331,9573
11512,19056,538.997,0.562059,336,9573
11522,19082,547.88,0.888244,317,9449
11532,19108,547.367,-0.0512998,314,9369
11542,19136,541.432,-0.593494,304,9529
11552,19162,538.007,-0.342495,280,9511
11562,19189,536.03,-0.197648,272,9542
11572,19216,537.709,0.167886,282,9363
11582,19242,535.859,-0.185061,271,9449
11592,19268,534.791,-0.106795,279,9517
11602,19296,531.355,-0.343575,274,9523
11612,19322,532.192,0.083674,293,9609
11622,19349,532.674,0.0482868,290,9542
11632,19376,535.773,0.309811,310,9609
11642,19402,534.741,-0.103159,296,9659
11652,19432,534.477,-0.0263733,329,9308
11662,19459,538.01,0.353287,305,9523
11672,19486,540.881,0.287095,337,9499
11682,19512,544.463,0.358211,310,9431
11692,19539,542.378,-0.208528,340,9591
11702,19566,540.683,-0.169458,306,9616
11712,19592,539.306,-0.137709,348,9628
11722,19619,538.187,-0.111908,316,9468
11732,19646,537.278,-0.0909407,342,9628
11742,19673,536.539,-0.0739021,314,9665
11752,19700,537.187,0.0648504,367,9560
11762,19726,537.714,0.0527001,324,9579
11772,19754,536.893,-0.08208,356,9622
11782,19782,537.475,0.0582047,333,9363
11792,19810,539.198,0.172206,349,9683
11802,19836,543.095,0.389754,324,9517
11812,19864,543.764,0.0669173,337,9640
11822,19892,544.308,0.0543798,321,9745
11832,19918,544.75,0.0441912,340,9603
11842,19944,545.109,0.0359116,337,9640
11852,19971,542.903,-0.220629,354,9665
11862,19998,539.861,-0.304199,346,9683
11872,20025,538.638,-0.122298,358,9696
11882,20051,538.893,0.025522,348,9548
11892,20079,537.851,-0.104166,353,9751
11902,20106,538.254,0.0402567,330,9597
11912,20133,538.581,0.0327142,340,9665
11922,20160,540.096,0.151491,326,9628
11932,20186,540.078,-0.00179837,331,9628
11942,20200,538.814,-0.126368,361,10269
11952,20230,539.036,0.0222147,380,10706
11962,20260,542.964,0.392771,378,9985
11972,20286,551.152,0.818807,390,9733
11982,20312,555.308,0.415583,380,9548
11992,20340,553.689,-0.161905,364,9653
12002,20368,549.875,-0.381383,347,9856
12012,20395,549.274,-0.0601149,298,9745
12022,20422,550.035,0.0760544,272,9726
12032,20448,549.404,-0.0631013,279,9683
12042,20476,546.393,-0.301091,270,9837
12052,20503,545.195,-0.119773,293,9942
12062,20530,544.222,-0.0973322,298,9887
12072,20560,544.68,0.0458101,300,9677
12082,20589,547.55,0.28704,302,9332
12092,20616,552.381,0.483073,300,9597
12102,20644,556.306,0.392564,312,9591
12112,20670,557.869,0.156205,296,9548
12122,20698,550.312,-0.755692,310,9659
12132,20725,548.77,-0.154152,289,9523
12142,20752,545.061,-0.370903,312,9609
12152,20779,545.74,0.0679033,300,9560
12162,20806,543.313,-0.242759,306,9653
12172,20836,541.912,-0.140092,292,9529
12182,20850,549.561,0.76499,339,10355
12192,20878,556.796,0.723408,334,10306
12202,20906,563.79,0.699411,335,10053
12212,20934,562.187,-0.160272,349,9911
12222,20962,561.262,-0.0924904,342,10102
12232,20988,560.728,-0.0533746,410,10903
12242,21016,554.781,-0.594692,412,10355
12252,21043,551.35,-0.343186,417,10108
12262,21070,546.55,-0.479992,420,10860
12272,21098,546.599,0.00495027,458,10595
12282,21124,546.628,0.00285671,445,10540
12292,21155,543.825,-0.280296,412,10293
12302,21182,553.485,0.966026,418,9819
12312,21208,556.24,0.275532,386,9770
12322,21237,557.83,0.159004,367,9893
12332,21264,553.109,-0.472131,339,9702
12342,21292,550.384,-0.272459,310,9844
12352,21318,554.451,0.406659,262,9665
12362,21346,548.339,-0.611159,277,9825
12372,21373,547.632,-0.0707443,270,9825
12382,21400,544.404,-0.32277,273,9671
12392,21428,545.361,0.09568,282,9825
12402,21455,545.913,0.0552152,259,9880
12412,21482,546.232,0.0318637,283,9924
12422,21510,546.416,0.018388,278,9714
12432,21536,546.522,0.0106114,272,9690
12442,21564,543.764,-0.275821,276,9991
12452,21594,544.991,0.122773,289,9634
12462,21622,551.339,0.63474,284,9603
12472,21652,560.641,0.930188,273,9499
12482,21678,571.648,1.10069,291,9609
12492,21707,566.722,-0.492594,292,9751
12502,21734,566.698,-0.00232241,301,9677
12512,21761,558.227,-0.847175,293,9665
12522,21788,556.157,-0.206945,317,9671
12532,21816,549.324,-0.683314,292,9579
12542,21844,548.2,-0.112384,322,9659
12552,21870,550.371,0.21709,287,9566
12562,21898,548.804,-0.156666,296,9665
12572,21926,547.9,-0.0904092,286,9653
12582,21939,547.379,-0.0521736,317,10016
12592,21970,547.078,-0.0301084,331,10564
12602,21997,555.362,0.82846,327,10213
12612,22025,557.324,0.196145,344,10663
12622,22055,564.094,0.677082,341,10213
12632,22082,565.182,0.108787,354,10016
12642,22110,565.81,0.062779,352,10016
12652,22137,566.172,0.0362287,355,9967
12662,22165,557.923,-0.824928,344,10053
12672,22192,555.982,-0.194107,351,10078
12682,22220,552.042,-0.393961,313,10022
12692,22247,552.588,0.0545974,339,10108
12702,22274,550.084,-0.250438,330,9985
12712,22306,548.639,-0.144523,332,10071
12722,22332,559.083,1.04438,333,9844
12732,22362,562.29,0.320747,312,9677
12742,22390,572.599,1.03093,312,9696
12752,22418,567.271,-0.532847,279,9634
12762,22446,569.835,0.256393,286,9665
12772,22472,565.675,-0.41593,260,9603
12782,22500,557.636,-0.803916,261,9665
12792,22528,552.997,-0.463926,252,9733
12802,22556,550.32,-0.267723,273,9683
12812,22584,554.414,0.409392,263,9825
12822,22614,556.776,0.236253,278,9517
12832,22628,563.779,0.700227,297,9998
12842,22658,567.819,0.404089,321,10650
12852,22685,575.79,0.797083,315,10170
12862,22713,571.932,-0.385853,326,10558
12872,22740,569.705,-0.222669,332,10416
12882,22768,559.962,-0.974333,337,10386
12892,22796,558.72,-0.124189,358,10626
12902,22823,557.711,-0.100921,334,10034
12912,22851,555.859,-0.185123,354,10706
12922,22878,554.791,-0.106831,343,10238
12932,22906,551.355,-0.343595,353,10700
12942,22940,552.192,0.0836622,344,10213
12952,22967,569.591,1.73995,349,9917
12962,22996,579.632,1.00409,337,9930
12972,23022,588.246,0.86139,335,9831
12982,23050,570.661,-1.75847,318,9930
12992,23078,563.333,-0.732835,315,9745
13002,23106,556.285,-0.704851,250,9831
13012,23134,557.856,0.157133,274,9942
13022,23160,558.763,0.0906785,257,9856
13032,23188,553.647,-0.511561,278,10053
13042,23217,550.695,-0.295213,267,10016
13052,23244,551.811,0.111583,285,10010
13062,23272,555.274,0.346338,288,9924
13072,23302,557.273,0.199865,281,9665
13082,23330,561.246,0.397284,282,9726
13092,23358,566.358,0.511211,270,9696
13102,23386,569.308,0.295011,264,9683
13112,23414,567.564,-0.174391,263,9529
13122,23441,566.147,-0.141717,249,9597
13132,23470,563.746,-0.240071,244,9677
13142,23497,563.044,-0.0701855,244,9751
13152,23525,561.225,-0.181942,240,9733
13162,23552,560.995,-0.0229471,248,9597
13172,23580,558.311,-0.26846,242,9702
13182,23608,557.378,-0.0932555,249,9770
13192,23636,556.62,-0.0757832,255,9646
13202,23664,557.254,0.0633217,255,9776
13212,23694,557.768,0.0514578,254,9529
13222,23723,560.684,0.291629,257,9677
13232,23750,564.303,0.361896,265,9665
13242,23778,565.995,0.169185,263,9622
13252,23806,564.872,-0.112326,282,9776
13262,23834,562.71,-0.216187,264,9850
13272,23862,562.202,-0.0507759,288,9850
13282,23889,561.79,-0.0412625,279,9597
13292,23916,560.205,-0.158438,290,9665
13302,23945,557.669,-0.253659,273,9825
13312,23973,556.856,-0.0812276,296,9782
13322,24001,557.445,0.0588974,272,9757
13332,24028,559.173,0.172769,302,9708
13342,24056,558.079,-0.109414,285,9745
13352,24070,557.19,-0.088914,337,10466
13362,24102,556.467,-0.0722551,329,10423
13372,24132,562.125,0.565814,315,10287
13382,24160,569.222,0.709616,330,9973
13392,24188,574.988,0.576663,311,10084
13402,24216,574.678,-0.0310055,311,10096
13412,24243,571.928,-0.275009,321,9985
13422,24272,568.444,-0.34839,317,10102
13432,24300,566.862,-0.158209,287,10047
13442,24328,563.96,-0.290209,304,10158
13452,24356,565.105,0.114471,312,10102
13462,24382,562.946,-0.215886,308,10133
13472,24415,556.061,-0.688474,310,10078
13482,24442,566.185,1.01242,305,9850
13492,24470,569.208,0.302304,291,9967
13502,24498,576.592,0.738344,279,9733
13512,24525,566.755,-0.98364,262,9831
13522,24554,561.079,-0.567641,252,9979
13532,24582,560.623,-0.0456307,232,10028
13542,24610,560.359,-0.0263327,250,9874
13552,24638,563.027,0.266749,242,9819
13562,24666,561.747,-0.128009,245,9905
13572,24694,561.008,-0.0738717,239,9967
13582,24722,560.582,-0.0426301,244,9930
13592,24750,560.336,-0.0246011,248,9905
13602,24778,560.194,-0.0141968,245,9874
13612,24806,560.112,-0.00819275,249,10084
13622,24834,560.065,-0.00472789,260,10028
13632,24862,560.037,-0.00272838,270,10084
13642,24891,560.03,-0.00069753,271,10028
13652,24918,561.274,0.124339,272,9837
13662,24947,561.035,-0.023863,270,9961
13672,24975,562.09,0.105514,263,9930
13682,25002,561.699,-0.0391611,248,9874
13692,25032,561.38,-0.0318239,242,9911
13702,25059,562.371,0.0990448,229,9844
13712,25088,561.927,-0.0444184,235,9924
13722,25114,562.036,0.0109789,243,9745
13732,25142,561.888,-0.0147931,237,9905
13742,25172,561.806,-0.00823418,241,9961
13752,25200,561.789,-0.00173834,230,9985
13762,25228,561.9,0.0111116,250,9924
13772,25255,562.01,0.0110046,241,9825
13782,25284,561.926,-0.00835106,244,9924
13792,25312,561.908,-0.0018541,241,9967
13802,25340,561.889,-0.00183625,251,10084
13812,25368,561.935,0.00459801,258,10028
13822,25396,561.917,-0.00186283,252,10028
13832,25428,561.898,-0.0018449,257,9979
13842,25458,562.137,0.0238392,272,9566
13852,25486,562.501,0.0364429,275,9739
13862,25515,569.527,0.702575,268,9862
13872,25543,573.956,0.442924,265,9770
13882,25571,570.873,-0.308286,271,9739
13892,25598,569.094,-0.177907,252,9720
13902,25627,562.429,-0.666557,261,9887
13912,25656,561.402,-0.102713,256,9911
13922,25684,563.628,0.222671,261,9856
13932,25712,567.733,0.410445,265,9616
13942,25740,567.282,-0.0450847,263,9690
13952,25754,564.202,-0.307963,298,10404
13962,25786,562.425,-0.17772,300,10496
13972,25816,572.677,1.02522,290,10293
13982,25844,584.233,1.15553,307,10078
13992,25872,590.901,0.666834,305,9985
14002,25900,583.471,-0.742962,304,10121
14012,25929,573.545,-0.99264,304,10127
14022,25958,570.636,-0.29089,291,10238
14032,25986,571.777,0.114077,275,10047
14042,26014,572.435,0.0658321,269,10219
14052,26042,569.995,-0.243955,279,10287
14062,26072,565.768,-0.422727,285,9948
14072,26104,568.968,0.319942,288,9874
14082,26134,582.092,1.31241,267,9911
14092,26161,595.304,1.32126,277,9720
14102,26189,594.471,-0.0833589,260,9671
14112,26218,589.261,-0.520936,236,9770
14122,26246,583.779,-0.54824,228,9954
14132,26274,580.573,-0.320616,237,9831
14142,26302,577.967,-0.260546,226,9868
14152,26330,574.601,-0.336636,250,9917
14162,26359,571.865,-0.273564,242,9930
14172,26390,570.891,-0.0974032,253,9628
14182,26404,573.847,0.295565,284,10238
14192,26436,576.249,0.240188,286,10429
14202,26464,581.948,0.569905,291,10694
14212,26492,584.578,0.262996,288,10620
14222,26521,585.742,0.116416,317,10761
14232,26548,575.11,-1.06316,313,10219
14242,26578,566.689,-0.842176,327,10755
14252,26606,570.392,0.370336,331,10447
14262,26634,568.316,-0.207634,324,10496
14272,26662,571.112,0.279655,328,10700
14282,26691,564.919,-0.619339,308,10564
14292,26720,565.893,0.097412,324,10737
14302,26748,570.04,0.414684,311,10423
14312,26780,571.875,0.183561,298,10373
14322,26808,583.835,1.19595,316,10071
14332,26836,585.413,0.157826,296,10232
14342,26865,586.112,0.0698621,298,10238
14352,26892,575.274,-1.08377,292,10102
14362,26922,566.761,-0.851298,291,10139
14372,26950,570.424,0.366299,266,10121
14382,26978,568.33,-0.209421,278,10244
14392,27006,571.119,0.278863,284,10041
14402,27035,564.922,-0.619689,275,10139
14412,27064,565.66,0.0737991,284,10139
14422,27092,568.905,0.324533,274,10244
14432,27121,570.778,0.187282,285,10306
14442,27148,571.859,0.108077,285,10090
14452,27180,566.843,-0.501521,288,10238
14462,27212,570.557,0.371408,282,9899
14472,27240,577.323,0.67654,284,9844
14482,27268,584.07,0.67469,269,9893
14492,27297,585.168,0.109828,268,9893
14502,27326,577.343,-0.782455,257,9924
14512,27354,575.648,-0.169596,252,9825
14522,27382,574.669,-0.097871,237,9757
14532,27411,571.285,-0.338425,256,9899
14542,27440,569.332,-0.195299,224,9967
14552,27468,571.024,0.169241,244,9905
14562,27499,572.001,0.0976663,225,9646
14572,27514,578.203,0.620252,259,10342
14582,27542,584.602,0.639881,259,10361
14592,27572,588.295,0.369264,262,10509
14602,27602,587.606,-0.0688491,284,10650
14612,27631,587.209,-0.0397316,271,10262
14622,27660,589.799,0.259017,295,10256
14632,27688,588.474,-0.132471,304,10102
14642,27720,582.071,-0.640337,310,10121
14652,27751,586.834,0.476308,307,10207
14662,27782,595.222,0.838759,296,9942
14672,27811,608.52,1.32987,273,9819
14682,27839,607.736,-0.0783915,263,9776
14692,27868,598.826,-0.891074,249,9893
14702,27896,588.044,-1.07811,248,9831
14712,27926,579.003,-0.904105,222,9936
14722,27954,579.425,0.0421469,221,9757
14732,27982,576.849,-0.257623,224,9862
14742,28011,575.362,-0.14867,226,9967
14752,28040,571.685,-0.36774,228,10022
14762,28054,572.382,0.069729,254,10392
14772,28085,572.784,0.0402394,278,10509
14782,28114,578.655,0.587112,265,10053
14792,28143,582.043,0.338812,283,10644
14802,28172,584.159,0.211526,269,10102
14812,28201,583.38,-0.077918,297,10663
14822,28228,582.746,-0.0633193,297,10133
14832,28257,579.734,-0.301268,297,10441
14842,28286,577.285,-0.244823,284,10090
14852,28314,575.296,-0.198953,298,10644
14862,28344,574.928,-0.0367711,298,10373
14872,28372,575.878,0.0950245,290,10238
14882,28400,575.402,-0.0476854,292,10441
14892,28430,575.014,-0.0387511,286,10386
14902,28458,574.699,-0.0314907,288,10453
14912,28490,574.443,-0.0255906,279,10225
14922,28522,579.232,0.478829,291,10102
14932,28550,585.621,0.638928,289,10281
14942,28578,590.813,0.519219,304,10016
14952,28607,589.059,-0.175358,295,10139
14962,28636,579.589,-0.947031,291,10250
14972,28665,576.943,-0.26457,241,10324
14982,28694,578.236,0.129266,274,10034
14992,28722,578.982,0.0745974,240,10102
15002,28751,576.593,-0.238896,253,10250
15012,28780,575.215,-0.137863,243,10349
15022,28809,574.419,-0.0795582,265,10244
15032,28838,576.779,0.236033,257,10256
15042,28866,578.141,0.136211,264,10355
15052,28898,576.108,-0.20334,270,10127
15062,28926,583.393,0.728491,277,10041
15072,28956,584.777,0.138454,264,10028
15082,28984,591.215,0.64379,252,10028
15092,29013,583.653,-0.75626,242,10115
15102,29042,582.108,-0.15448,227,10034
15112,29070,578.397,-0.371093,214,10071
15122,29099,576.255,-0.214151,223,10010
15132,29128,575.02,-0.123583,218,10047
15142,29157,574.306,-0.0713174,223,10213
15152,29185,575.373,0.106673,235,9979
15162,29214,574.991,-0.0382191,231,10121
15172,29244,574.68,-0.0310584,236,10269
15182,29272,575.677,0.0996669,237,10287
15192,29304,576.487,0.0809934,255,9862
15202,29318,580.892,0.440537,264,10262
15212,29349,581.974,0.108186,262,10306
15222,29378,586.601,0.462635,262,10509
15232,29408,586.613,0.00123735,271,10632
15242,29436,589.121,0.250818,265,10238
15252,29464,587.412,-0.170894,276,10460
15262,29494,584.774,-0.263781,272,10287
15272,29522,582.631,-0.21436,281,10564
15282,29552,580.889,-0.174197,282,10453
15292,29580,581.971,0.108253,286,10392
15302,29609,580.353,-0.161842,281,10336
15312,29642,580.287,-0.00661312,268,10361
15322,29670,583.98,0.369345,286,10287
15332,29702,586.982,0.300144,286,10170
15342,29731,593.168,0.618628,287,10269
15352,29760,593.199,0.00309756,285,10250
15362,29788,594.473,0.127423,298,10059
15372,29816,590.512,-0.396075,262,10232
15382,29846,586.045,-0.446773,267,10299
15392,29876,583.663,-0.23816,246,10398
15402,29904,584.226,0.0562741,271,10078
15412,29932,584.683,0.0457306,259,10250
15422,29962,579.883,-0.480005,271,10324
15432,29991,577.113,-0.277002,263,10472
15442,30020,578.334,0.122092,288,10244
15452,30049,581.858,0.352402,273,10176
15462,30078,581.072,-0.07858,274,10262
15472,30108,580.619,-0.0453471,257,10293
15482,30136,583.177,0.255776,268,10269
15492,30165,581.833,-0.134341,253,10232
15502,30194,581.058,-0.0775259,253,10158
15512,30222,577.791,-0.326684,245,10312
15522,30252,575.906,-0.188524,253,10225
15532,30280,577.637,0.173151,251,10256
15542,30310,575.817,-0.182022,251,10318
15552,30338,580.406,0.458848,250,10219
15562,30368,577.415,-0.299097,252,10256
15572,30396,581.327,0.391287,257,10115
15582,30425,577.947,-0.338086,248,10330
15592,30454,578.815,0.0868418,257,10435
15602,30484,576.497,-0.23183,250,10367
15612,30512,580.798,0.430105,274,10244
15622,30540,580.648,-0.0149469,263,10330
15632,30574,579.278,-0.137053,274,10386
15642,30606,583.16,0.38825,270,10028
15652,30634,591.312,0.815133,265,9961
15662,30662,597.936,0.66241,252,9776
15672,30692,595.824,-0.211136,242,9874
15682,30721,591.61,-0.42139,228,9998
15692,30750,589.435,-0.217533,213,10059
15702,30780,588.916,-0.0518695,208,10084
15712,30808,588.495,-0.0421513,217,9973
15722,30838,586.903,-0.15916,214,9991
15732,30866,586.859,-0.00443373,218,10090
15742,30881,584.325,-0.253415,242,10404
15752,30914,584.764,0.0438767,257,10509
15762,30946,588.867,0.410375,241,10349
15772,30974,597.198,0.833112,263,10275
15782,31002,601.471,0.427208,276,10108
15792,31031,598.697,-0.277364,287,10225
15802,31061,592.696,-0.600116,289,10281
15812,31090,590.317,-0.237866,283,10416
15822,31122,589.633,-0.0683937,266,10090
15832,31150,592.825,0.319139,272,10250
15842,31184,592.92,0.00953305,252,10336
15852,31213,599.243,0.632278,257,10238
15862,31242,600.634,0.139096,257,10022
15872,31270,606.005,0.537094,235,10034
15882,31300,592.187,-1.38172,227,10090
15892,31329,587.033,-0.515423,215,10133
15902,31358,584.059,-0.297441,208,10071
15912,31388,585.162,0.110297,203,10108
15922,31416,585.798,0.0636504,207,10059
15932,31446,583.346,-0.245214,202,10115
15942,31474,584.75,0.140437,205,10078
15952,31504,579.922,-0.482847,202,10269
15962,31533,582.774,0.285248,213,10306
15972,31565,581.601,-0.117334,213,10016
15982,31594,592.202,1.06007,223,9961
15992,31623,595.5,0.329802,230,9905
16002,31652,597.403,0.190323,230,9979
16012,31682,590.043,-0.736003,233,10016
16022,31711,588.615,-0.142789,222,9948
16032,31740,587.791,-0.0824012,225,9874
16042,31769,587.316,-0.0475523,212,9948
16052,31798,584.222,-0.309387,218,10041
16062,31828,582.436,-0.178542,215,9917
16072,31857,584.225,0.178912,210,9954
16082,31886,585.258,0.103247,204,9893
16092,31914,585.854,0.059582,209,10016
16102,31944,583.508,-0.23458,209,10102
16112,31974,582.851,-0.065723,211,10071
16122,32002,583.566,0.0714971,219,10071
16132,32031,584.147,0.0581014,221,10022
16142,32061,583.37,-0.0776906,222,10034
16152,32076,582.738,-0.0631346,248,10447
16162,32108,584.723,0.198507,250,10496
16172,32137,590.084,0.536033,266,10638
16182,32166,593.191,0.310696,253,10158
16192,32195,594.467,0.127578,268,10638
16202,32224,591.756,-0.271043,268,10404
16212,32254,589.553,-0.220261,284,10681
16222,32282,589.013,-0.0540868,284,10330
16232,32312,587.324,-0.168859,275,10416
16242,32341,587.201,-0.0123157,277,10540
16252,32370,585.852,-0.134914,268,10632
16262,32400,586.004,0.0152692,282,10601
16272,32428,586.128,0.0124084,268,10145
16282,32462,584.98,-0.114823,258,10287
16292,32494,590.292,0.531222,266,10152
16302,32523,597.108,0.681505,254,10281
16312,32552,603.895,0.678725,259,10250
16322,32581,602.248,-0.164716,249,10293
16332,32610,592.839,-0.94089,252,10330
16342,32640,587.409,-0.542971,226,10281
16352,32670,587.095,-0.031394,238,10306
16362,32698,589.733,0.263828,246,10324
16372,32728,588.436,-0.129694,245,10392
16382,32757,587.688,-0.0748444,248,10355
16392,32786,584.437,-0.325136,260,10306
16402,32819,585.38,0.0943145,261,10324
16412,32851,594.382,0.900262,251,10139
16422,32880,608.036,1.36536,245,9979
16432,32908,615.915,0.787926,245,9930
16442,32938,606.365,-0.955027,225,10028
16452,32968,595.215,-1.11502,217,10115
16462,32998,591.6,-0.361513,202,10145
16472,33026,595.152,0.355267,204,9924
16482,33056,591.564,-0.358872,200,9998
16492,33085,589.493,-0.207099,207,10096
16502,33114,585.478,-0.401458,208,10059
16512,33144,585.981,0.0502707,213,10164
16522,33173,586.109,0.0128521,215,10041
16532,33202,586.214,0.0104441,218,10065
16542,33218,586.299,0.0084873,235,10404
16552,33250,588.866,0.25671,244,10644
16562,33282,594.699,0.583331,230,10152
16572,33311,603.187,0.848757,240,10232
16582,33341,610.297,0.711071,237,10330
16592,33370,608.762,-0.153543,253,10324
16602,33399,599.417,-0.934442,265,10256
16612,33432,594.025,-0.53925,259,10330
16622,33464,599.371,0.534643,245,10367
16632,33494,610.915,1.15437,260,10102
16642,33522,620.396,0.948111,242,10053
16652,33552,611.77,-0.862587,230,10139
16662,33582,601.153,-1.06167,219,10275
16672,33612,595.027,-0.612673,208,10312
16682,33640,597.13,0.210327,203,10034
16692,33668,592.705,-0.442514,207,10034
16702,33698,584.512,-0.819257,203,10133
16712,33728,579.785,-0.472779,209,10213
16722,33758,582.695,0.291058,207,10367
16732,33788,590.014,0.731854,205,10342
16742,33817,594.237,0.42234,207,10293
16752,33848,593.855,-0.0382199,219,10016
16762,33864,596.454,0.259889,238,10404
16772,33896,603.592,0.713867,245,10626
16782,33926,616.17,1.2578,250,10657
16792,33956,620.609,0.443907,260,10552
16802,33984,617.532,-0.307719,248,10299
16812,34014,604.479,-1.30536,262,10687
16822,34044,596.946,-0.7533,258,10484
16832,34073,592.598,-0.434716,264,10681
16842,34102,593.008,0.0409564,276,10564
16852,34130,589.474,-0.353435,262,10306
16862,34160,580.478,-0.899578,265,10620
16872,34194,580.212,-0.0266369,242,10398
16882,34226,598.672,1.84603,253,10262
16892,34255,621.706,2.30341,256,10152
16902,34284,628.186,0.648048,243,10312
16912,34314,612.477,-1.57096,247,10306
16922,34344,598.092,-1.43852,240,10336
16932,34374,595.44,-0.265202,238,10392
16942,34402,597.981,0.254172,228,10281
16952,34432,591.675,-0.630619,230,10336
16962,34462,588.884,-0.279146,227,10262
16972,34492,587.648,-0.123565,234,10379
16982,34521,594.532,0.688432,240,10410
16992,34554,593.864,-0.0668274,228,10367
17002,34582,604.715,1.08511,249,10164
17012,34612,602.087,-0.2628,233,10152
17022,34642,604.64,0.255235,229,10250
17032,34672,594.622,-1.00171,213,10306
17042,34701,595.63,0.100754,214,10152
17052,34729,595.2,-0.0430295,200,10084
17062,34759,592.352,-0.28478,198,10164
17072,34789,590.038,-0.231424,197,10275
17082,34820,589.406,-0.0631582,195,10367
17092,34848,592.64,0.323394,208,10115
17102,34877,592.77,0.0129905,199,10256
17112,34908,591.626,-0.11435,209,10318
17122,34937,590.697,-0.0929252,211,10423
17132,34968,591.191,0.0493915,226,10386
17142,34996,594.091,0.28995,230,10115
17152,35028,592.7,-0.139094,226,10139
17162,35044,595.316,0.261686,237,10533
17172,35076,598.692,0.337563,236,10540
17182,35106,616.162,1.74698,237,10515
17192,35135,620.605,0.444263,237,10558
17202,35165,614.71,-0.589459,227,10398
17212,35194,605.669,-0.904056,259,10675
17222,35224,597.633,-0.80366,246,10022
17232,35254,595.814,-0.181833,270,10749
17242,35284,594.765,-0.104933,264,10669
17252,35312,596.979,0.22139,281,10687
17262,35344,592.618,-0.43613,264,10281
17272,35374,595.74,0.312207,269,10336
17282,35408,597.542,0.180169,255,10478
17292,35438,615.498,1.79564,265,10398
17302,35466,620.221,0.472344,273,10213
17312,35496,617.308,-0.291309,261,10318
17322,35526,604.349,-1.29589,230,10373
17332,35556,596.871,-0.747835,242,10472
17342,35586,598.194,0.132328,236,10349
17352,35614,598.958,0.076364,232,10355
17362,35644,593.76,-0.519822,231,10435
17372,35674,590.76,-0.29998,231,10478
17382,35708,589.029,-0.173113,236,10453
17392,35740,604.947,1.59177,243,10053
17402,35754,619.771,1.48247,245,10404
17412,35784,622.687,0.291619,241,10379
17422,35828,613.093,-0.959492,227,9991
17432,35843,600.037,-1.30556,228,10312
17442,35888,598.142,-0.189525,192,10158
17452,35903,597.048,-0.109372,219,10429
17462,35946,598.296,0.124847,201,9967
17472,35976,595.258,-0.30388,201,10078
17482,35992,593.504,-0.175364,225,10416
17492,36028,598.131,0.462691,223,10669
17502,36060,621.477,2.33461,264,10139
17512,36088,640.588,1.91115,257,10219
17522,36118,640.34,-0.0248884,263,10275
17532,36148,623.279,-1.70603,259,10447
17542,36178,607.795,-1.54841,262,10521
17552,36209,604.498,-0.329671,208,10558
17562,36242,605.415,0.0916976,228,10312
17572,36271,614.403,0.898752,213,10170
17582,36286,616.77,0.236709,220,10287
17592,36319,615.317,-0.145344,224,10521
17602,36348,614.945,-0.0371583,226,10423
17612,36378,614.643,-0.0301963,217,10398
17622,36408,614.398,-0.0245388,216,10324
17632,36437,610.451,-0.39466,219,10416
17642,36468,607.244,-0.320717,223,10435
17652,36496,605.887,-0.135721,223,10379
17662,36526,597.758,-0.812848,224,10367
17672,36556,595.887,-0.187135,223,10460
17682,36586,591.987,-0.389938,217,10496
17692,36616,595.376,0.338864,231,10478
17702,36651,597.332,0.195552,222,10256
17712,36682,612.557,1.52258,234,10342
17722,36711,624.163,1.1606,230,10386
17732,36741,628.041,0.387815,242,10398
17742,36770,616.182,-1.18592,248,10287
17752,36801,603.7,-1.24827,252,10392
17762,36830,602.135,-0.156462,232,10367
17772,36860,598.413,-0.372237,250,10398
17782,36890,599.084,0.0671338,254,10293
17792,36922,596.652,-0.243203,243,10373
17802,36956,603.707,0.705487,242,10404
17812,36986,619.056,1.5349,237,10213
17822,37015,627.913,0.885766,228,10219
17832,37045,624.567,-0.334675,204,10262
17842,37075,611.358,-1.32092,200,10244
17852,37104,603.735,-0.762277,197,10145
17862,37134,599.336,-0.439897,179,10213
17872,37164,595.99,-0.334548,190,10355
17882,37194,594.509,-0.148089,189,10410
17892,37224,597.57,0.306012,211,10225
17902,37252,598.924,0.135457,207,10318
17912,37268,592.092,-0.683168,225,10460
17922,37300,596.5,0.440722,228,10496
17932,37330,605.882,0.938216,221,10478
17942,37361,617.466,1.15843,218,10472
17952,37390,618.878,0.14122,211,10441
17962,37420,608.357,-1.05218,205,10392
17972,37450,603.699,-0.465752,215,10478
17982,37480,597.922,-0.577731,214,10392
17992,37510,599.08,0.11583,214,10367
18002,37540,599.593,0.0512724,212,10472
18012,37569,599.82,0.0226959,220,10435
18022,37598,596.205,-0.361518,219,10312
18032,37628,590.889,-0.531592,214,10373
18042,37659,588.536,-0.235311,206,10392
18052,37689,594.925,0.638968,219,10644
18062,37718,601.469,0.654406,218,10404
18072,37748,601.194,-0.0275282,214,10496
18082,37778,599.721,-0.147277,211,10515
18092,37809,598.524,-0.119683,222,10601
18102,37841,600.05,0.152553,233,10503
18112,37872,603.788,0.373783,299,11316
18122,37902,608.074,0.428658,384,11482
18132,37932,610.309,0.223438,462,11550
18142,37961,609.626,-0.0682373,558,11303
18152,37991,606.574,-0.305265,610,11303
18162,38021,604.093,-0.248071,622,11519
18172,38050,602.077,-0.201592,625,11501
18182,38081,598.379,-0.369788,624,11519
18192,38111,599.065,0.0685469,605,11464
18202,38142,599.46,0.0395572,615,11488
18212,38170,605.327,0.586718,635,11310
18222,38201,600.255,-0.507251,591,11402
18232,38234,600.147,-0.0107803,613,11587
18242,38264,605.724,0.557669,554,10712
18252,38296,614.581,0.885711,501,10416
18262,38326,622.512,0.793073,415,10324
18272,38356,618.63,-0.388166,359,10416
18282,38387,616.39,-0.224004,281,10466
18292,38418,612.278,-0.411214,199,10478
18302,38446,612.724,0.0446408,242,10262
18312,38476,607.343,-0.538129,204,10355
18322,38506,601.418,-0.59249,227,10361
18332,38536,595.179,-0.62386,220,10490
18342,38567,597.218,0.203871,227,10533
18352,38597,601.214,0.399596,209,10521
18362,38630,603.52,0.2306,220,10324
18372,38645,613.309,0.97891,226,10496
18382,38678,616.139,0.282967,226,10447
18392,38708,626.23,1.00913,215,10330
18402,38738,623.595,-0.263484,210,10527
18412,38768,622.075,-0.152052,220,10509
18422,38797,612.739,-0.933582,204,10053
18432,38827,604.532,-0.820699,218,10423
18442,38857,599.796,-0.473611,215,10447
18452,38888,596.194,-0.360188,217,10527
18462,38918,602.031,0.58369,210,10552
18472,38956,604.615,0.258373,197,10453
18482,38986,635.483,3.08688,211,10429
18492,39018,645.432,0.994856,207,10484
18502,39048,657.267,1.18351,227,10373
18512,39078,632.781,-2.44863,228,10441
18522,39108,621.942,-1.0839,239,10466
18532,39138,609.713,-1.22292,210,10546
18542,39168,604.299,-0.541329,235,10416
18552,39198,601.903,-0.239621,215,10429
18562,39229,600.842,-0.106069,227,10484
18572,39259,604.089,0.324612,223,10404
18582,39290,605.525,0.143691,223,10447
18592,39320,609.877,0.43517,212,10466
18602,39353,608.088,-0.178935,209,10429
18612,39382,618.443,1.03549,214,10269
18622,39412,615.595,-0.284767,200,10152
18632,39442,614.334,-0.126053,198,10269
18642,39472,602.63,-1.17049,186,10342
18652,39504,601.517,-0.111209,180,10392
18662,39532,606.515,0.499714,171,10299
18672,39563,603.759,-0.275514,174,10336
18682,39594,604.989,0.122951,179,10466
18692,39624,602.879,-0.210992,187,10490
18702,39639,607.3,0.44213,213,10490
18712,39671,607.032,-0.0267995,216,10441
18722,39702,609.697,0.26648,212,10404
18732,39732,614.054,0.435726,213,10490
18742,39762,616.569,0.25145,208,10509
18752,39792,612.381,-0.418783,208,10638
18762,39822,610.061,-0.231971,206,10416
18772,39853,608.176,-0.188509,208,10490
18782,39883,607.893,-0.0282839,205,10410
18792,39914,607.664,-0.0229846,208,10503
18802,39944,608.726,0.106228,202,10318
18812,39974,608.34,-0.038581,201,10478
18822,40003,608.027,-0.0313525,206,10373
18832,40033,605.274,-0.275291,206,10460
18842,40064,603.036,-0.223712,203,10447
18852,40094,602.468,-0.0568916,205,10657
18862,40124,603.254,0.0786738,217,10496
18872,40160,603.894,0.0639335,207,10299
18882,40190,610.659,0.676486,214,10404
18892,40221,616.156,0.54974,205,10527
18902,40252,621.872,0.571647,214,10552
18912,40281,620.273,-0.159987,223,10349
18922,40312,617.723,-0.254918,222,10361
18932,40342,615.652,-0.207157,203,10490
18942,40372,612.719,-0.29325,219,10496
18952,40405,611.585,-0.113401,227,10293
18962,40436,613.162,0.157658,211,10404
18972,40466,615.692,0.253026,214,10447
18982,40500,617.748,0.205619,203,10447
18992,40530,624.339,0.659119,207,10287
19002,40560,625.324,0.0984211,188,10225
19012,40590,625.892,0.0567971,185,10281
19022,40620,614.942,-1.095,177,10269
19032,40650,608.623,-0.631907,174,10361
19042,40681,604.976,-0.364663,164,10472
19052,40710,605.918,0.0942332,179,10373
19062,40740,602.62,-0.329852,184,10281
19072,40770,601.16,-0.14601,187,10355
19082,40786,596.798,-0.436196,197,10441
19092,40820,606.014,0.921609,203,10700
19102,40850,624.956,1.89421,205,10601
19112,40880,633.341,0.838479,202,10453
19122,40910,629.621,-0.371973,193,10336
19132,40940,613.112,-1.65091,197,10644
19142,40971,605.804,-0.730782,198,10540
19152,41002,606.285,0.0480811,210,10626
19162,41031,610.213,0.392848,204,10293
19172,41062,608.237,-0.197669,206,10478
19182,41092,607.362,-0.0874989,198,10330
19192,41122,603.259,-0.410296,202,10620
19202,41152,605.158,0.189945,208,10466
19212,41182,602.283,-0.287484,201,10404
19222,41212,601.011,-0.127256,198,10361
19232,41243,600.447,-0.0563303,199,10478
19242,41274,603.914,0.34663,202,10564
19252,41307,605.679,0.176486,207,10570
19262,41340,610.86,0.518138,238,10287
19272,41370,617.569,0.670873,235,10342
19282,41400,621.771,0.420272,248,10361
19292,41431,621.439,-0.0331883,242,10472
19302,41462,618.672,-0.276783,253,10509
19312,41492,617.671,-0.100019,205,10349
19322,41522,616.859,-0.0812792,231,10404
19332,41552,614.949,-0.190957,209,10496
19342,41584,612.148,-0.280086,224,10509
19352,41612,612.37,0.0222035,227,10361
19362,41646,610.053,-0.231769,221,10336
19372,41676,613.165,0.31128,218,10496
19382,41710,613.197,0.00314632,206,10484
19392,41741,620.717,0.751994,209,10392
19402,41770,623.081,0.236382,205,10152
19412,41800,624.597,0.15166,193,10238
19422,41830,614.195,-1.04026,185,10324
19432,41861,605.372,-0.882261,182,10423
19442,41892,605.92,0.0547529,175,10509
19452,41922,609.055,0.313542,169,10447
19462,41952,610.864,0.18094,178,10373
19472,41982,609.089,-0.177528,182,10478
19482,42014,605.245,-0.384393,187,10509
19492,42028,608.666,0.342063,206,10663
19502,42062,605.001,-0.366491,210,10614
19512,42092,614.164,0.916285,210,10607
19522,42123,613.813,-0.0351184,203,10441
19532,42153,622.068,0.825569,209,10472
19542,42182,615.555,-0.651359,205,10386
19552,42214,608.976,-0.657833,210,10423
19562,42244,608,-0.0976787,207,10453
19572,42274,607.436,-0.0563687,201,10509
19582,42305,609.93,0.249416,200,10478
19592,42336,608.55,-0.138012,187,10460
19602,42366,610.573,0.202301,200,10626
19612,42396,611.74,0.116744,203,10540
19622,42426,609.595,-0.214574,203,10540
19632,42457,605.537,-0.405772,205,10657
19642,42487,605.749,0.0211679,211,10515
19652,42520,605.921,0.0172019,212,10527
19662,42551,609.808,0.388698,277,11396
19672,42582,612.966,0.315871,339,11636
19682,42612,616.782,0.381596,431,11513
19692,42642,616.136,-0.0646181,497,11544
19702,42674,614.362,-0.177417,568,11673
19712,42704,614.169,-0.0192704,588,11525
19722,42734,614.013,-0.0156599,574,11538
19732,42764,613.885,-0.0127259,579,11556
19742,42794,611.284,-0.260154,573,11661
19752,42825,609.17,-0.211412,597,11624
19762,42856,608.701,-0.0468956,578,11611
19772,42886,609.569,0.086797,598,11661
19782,42916,610.274,0.0705348,599,11544
19792,42948,609.598,-0.0675868,589,11574
19802,42978,610.298,0.0699824,598,11408
19812,43012,610.867,0.0568706,564,11451
19822,43042,616.325,0.54584,535,10644
19832,43072,618.263,0.19376,434,10373
19842,43102,619.837,0.157457,390,10453
19852,43132,616.121,-0.371669,289,10435
19862,43166,613.1,-0.302033,239,10484
19872,43198,618.838,0.573749,178,10515
19882,43228,627.788,0.894991,200,10472
19892,43258,632.952,0.516483,193,10490
19902,43289,624.655,-0.829727,204,10484
19912,43319,617.048,-0.760766,203,10527
19922,43350,612.657,-0.439025,199,10650
19932,43384,612.943,0.0285917,213,10429
19942,43414,621.567,0.862335,200,10361
19952,43445,626.543,0.497638,189,10281
19962,43476,629.415,0.287178,178,10318
19972,43506,622.614,-0.68011,175,10398
19982,43538,618.689,-0.392479,158,10435
19992,43568,619.243,0.0554522,155,10318
20002,43597,616.744,-0.249945,162,10262
20012,43628,612.482,-0.426184,169,10312
20022,43658,607.203,-0.527888,167,10429
20032,43690,604.157,-0.304635,170,10509
20042,43720,610.857,0.670036,169,10515
20052,43751,611.904,0.104721,167,10441
20062,43782,615.328,0.342378,163,10447
20072,43812,614.485,-0.084365,171,10484
20082,43828,613.998,-0.0486855,178,10552
20092,43861,616.536,0.253849,196,10620
20102,43894,623.64,0.710382,199,10669
20112,43926,629.203,0.556333,256,11433
20122,43956,633.724,0.452099,331,11636
20132,43987,633.559,-0.0165343,415,11568
20142,44018,627.825,-0.573432,474,11568
20152,44048,621.696,-0.612862,558,11525
20162,44079,618.159,-0.353672,561,11568
20172,44110,616.118,-0.204098,584,11642
20182,44140,614.94,-0.117781,563,11661
20192,44172,614.261,-0.0679695,584,11642
20202,44201,616.688,0.242721,585,11587
20212,44236,612.45,-0.42382,575,11648
20222,44269,624.101,1.16515,562,10453
20232,44299,633.645,0.95433,467,10410
20242,44330,641.971,0.832672,412,10416
20252,44360,635.499,-0.64726,315,10503
20262,44392,623.305,-1.21936,255,10564
20272,44423,621.907,-0.13978,162,10743
20282,44454,621.101,-0.0806643,201,10638
20292,44484,623.455,0.235395,188,10515
20302,44514,619.174,-0.428048,200,10515
20312,44545,613.885,-0.528964,196,10669
20322,44561,610.832,-0.305256,199,10663
20332,44596,614.709,0.387732,206,10706
20342,44629,631.044,1.63348,193,10626
20352,44660,646.109,1.50654,185,10521
20362,44690,651.984,0.587454,189,10724
20372,44722,647.241,-0.474345,250,11538
20382,44752,642.137,-0.510378,254,10675
20392,44782,636.74,-0.53966,258,10484
20402,44812,632.355,-0.43855,256,10484
20412,44844,626.293,-0.606196,250,10466
20422,44874,623.865,-0.242807,193,10687
20432,44910,621.892,-0.197315,195,10909
20442,44940,627.782,0.589091,267,11513
20452,44974,630.072,0.228907,330,11673
20462,45004,636.928,0.685644,390,10614
20472,45034,632.588,-0.433968,382,10170
20482,45064,630.084,-0.250436,399,10349
20492,45094,617.361,-1.2723,330,10441
20502,45129,610.019,-0.734223,263,10478
20512,45161,619.879,0.986018,171,10644
20522,45193,631.208,1.1329,190,10687
20532,45208,643.385,1.21767,169,10632
20542,45242,636.314,-0.70703,177,10694
20552,45272,637.873,0.155876,165,10386
20562,45302,633.134,-0.473937,168,10503
20572,45334,630.399,-0.273501,165,10496
20582,45366,623.181,-0.721723,168,10638
20592,45396,624.655,0.147397,172,10484
20602,45426,625.506,0.08506,164,10287
20612,45456,620.358,-0.514803,171,10564
20622,45487,611.748,-0.860974,169,10564
20632,45518,609.599,-0.214908,171,10675
20642,45550,611.178,0.157925,171,10650
20652,45581,617.729,0.655026,169,10669
20662,45611,621.509,0.378004,179,10614
20672,45642,620.871,-0.0638056,181,10540
20682,45676,617.683,-0.318766,194,10798
20692,45708,624.302,0.661881,250,11316
20702,45738,633.76,0.94585,327,11408
20712,45768,636.399,0.263888,396,11334
20722,45800,626.644,-0.975495,440,11390
20732,45830,621.015,-0.562941,513,11408
20742,45862,617.766,-0.324863,519,11427
20752,45892,621.53,0.376417,528,11408
20762,45924,618.064,-0.346666,490,11427
20772,45954,621.702,0.363835,521,11396
20782,45986,618.163,-0.353927,510,11420
20792,46016,621.759,0.359645,522,11390
20802,46048,618.196,-0.356345,501,11494
20812,46078,621.778,0.358249,531,11297
20822,46109,618.207,-0.357151,517,11347
20832,46144,618.965,0.0758397,530,11501
20842,46178,627.861,0.889601,527,11655
20852,46208,644.273,1.64115,514,10669
20862,46237,650.924,0.665136,438,10349
20872,46268,637.846,-1.30783,400,10373
20882,46298,621.84,-1.60056,330,10453
20892,46332,612.604,-0.923656,263,10521
20902,46364,621.371,0.876699,187,10681
20912,46396,629.249,0.787873,199,10737
20922,46412,639.435,1.01856,168,10712
20932,46447,639.674,0.0239016,162,10811
20942,46478,648.27,0.859628,156,10515
20952,46508,650.411,0.214131,156,10496
20962,46540,646.008,-0.440319,153,10460
20972,46570,635.009,-1.09994,159,10644
20982,46602,625.842,-0.916698,167,10558
20992,46632,626.191,0.0348796,162,10478
21002,46664,620.753,-0.543762,155,10552
21012,46694,623.254,0.250095,158,10675
21022,46726,619.058,-0.419565,158,10478
21032,46756,622.276,0.321767,165,10620
21042,46788,618.494,-0.378204,163,10570
21052,46819,621.95,0.345635,169,10687
21062,46854,621.126,-0.0824851,184,10817
21072,46888,634.747,1.36212,254,11384
21082,46919,648.246,1.34995,322,11648
21092,46950,656.037,0.779031,410,11673
21102,46980,649.254,-0.678215,491,11667
21112,47012,634.063,-1.51917,557,11679
21122,47042,628.115,-0.594739,576,11661
21132,47074,621.864,-0.625158,563,11685
21142,47105,623.895,0.203122,566,11611
21152,47136,622.248,-0.164727,534,11655
21162,47170,624.117,0.186884,561,11531
21172,47201,630.834,0.671738,511,10749
21182,47232,634.71,0.387648,433,10373
21192,47263,636.947,0.223705,353,10509
21202,47298,629.78,-0.716739,291,10564
21212,47328,636.922,0.714163,216,10552
21222,47360,638.224,0.130186,149,10558
21232,47390,641.794,0.357073,171,10614
21242,47422,629.758,-1.20366,167,10620
21252,47453,628.45,-0.130724,181,10607
21262,47484,624.877,-0.357383,175,10657
21272,47515,625.634,0.0757054,182,10632
21282,47547,623.251,-0.238257,173,10681
21292,47562,624.696,0.144451,183,10700
21302,47596,622.71,-0.198585,179,10650
21312,47628,630.022,0.731235,174,10632
21322,47658,634.242,0.421983,164,10453
21332,47690,636.677,0.243519,162,10558
21342,47721,632.444,-0.42336,155,10570
21352,47752,627.181,-0.526258,153,10614
21362,47782,626.963,-0.0217494,158,10472
21372,47814,621.199,-0.576441,155,10423
21382,47844,620.692,-0.0507091,153,10472
21392,47876,617.58,-0.311208,153,10546
21402,47908,621.423,0.384297,156,10657
21412,47938,623.641,0.221771,155,10737
21422,47970,624.92,0.12798,158,10681
21432,48002,625.659,0.0738551,158,10669
21442,48036,626.085,0.0426205,176,10860
21452,48068,637.609,1.15238,239,11303
21462,48098,640.555,0.294613,307,11464
21472,48132,640.451,-0.0103981,380,11538
21482,48164,640.26,-0.0190737,462,11679
21492,48195,640.15,-0.0110071,542,11728
21502,48226,642.906,0.275593,549,11716
21512,48257,636.038,-0.686795,578,11661
21522,48289,629.255,-0.678283,556,11648
21532,48320,628.161,-0.10948,572,11611
21542,48352,627.529,-0.0631789,540,11648
21552,48382,629.984,0.245486,556,11636
21562,48416,625.761,-0.422225,530,11735
21572,48451,631.783,0.602177,511,10663
21582,48481,643.717,1.19334,423,10466
21592,48512,650.603,0.688656,376,10521
21602,48542,646.119,-0.448424,299,10552
21612,48574,629.434,-1.6685,222,10620
21622,48606,625.444,-0.398974,151,10694
21632,48638,625.961,0.0517044,164,10687
21642,48670,631.898,0.593728,144,10755
21652,48702,635.325,0.34263,155,10614
21662,48732,637.302,0.197726,160,10564
21672,48748,632.804,-0.449786,167,10632
21682,48782,630.208,-0.259564,169,10724
21692,48814,634.349,0.4141,168,10681
21702,48845,642.378,0.80286,170,10620
21712,48876,644.192,0.181371,160,10416
21722,48906,636.78,-0.741169,151,10466
21732,48938,626.864,-0.991606,150,10546
21742,48970,623.961,-0.290293,154,10632
21752,49000,625.105,0.114422,159,10644
21762,49032,625.766,0.0660309,150,10533
21772,49063,626.147,0.0381053,146,10626
21782,49094,623.547,-0.259955,142,10620
21792,49126,624.866,0.131929,143,10614
21802,49157,625.628,0.0761342,143,10657
21812,49189,626.067,0.0439357,145,10663
21822,49220,629.14,0.3073,150,10737
21832,49252,628.094,-0.104608,167,10712
21842,49282,630.31,0.221578,169,10404
21852,49313,625.95,-0.436022,171,10657
21862,49344,623.433,-0.25162,163,10533
21872,49376,619.162,-0.427151,165,10681
21882,49408,622.336,0.317389,156,10712
21892,49442,626.987,0.465105,157,10891
21902,49474,638.129,1.11424,210,11279
21912,49506,644.559,0.643008,270,11408
21922,49536,648.27,0.371068,344,11408
21932,49568,644.222,-0.404759,407,11470
21942,49599,640.933,-0.328923,488,11384
21952,49630,637.011,-0.392203,491,11433
21962,49662,635.073,-0.193814,486,11476
21972,49694,633.498,-0.157501,481,11451
21982,49728,633.467,-0.00308539,500,11531
21992,49760,637.189,0.372211,498,11704
22002,49794,640.214,0.302474,466,10712
22012,49823,645.17,0.495615,425,10392
22022,49854,642.952,-0.221774,375,10416
22032,49884,639.901,-0.305129,309,10503
22042,49916,632.425,-0.747585,234,10632
22052,49948,630.097,-0.232799,181,10632
22062,49980,629.455,-0.064276,186,10694
22072,50012,631.43,0.197579,162,10724
22082,50048,633.036,0.160561,158,10749
22092,50064,639.337,0.630103,156,10798
22102,50098,650.895,1.15582,146,10687
22112,50130,663.204,1.23089,149,10694
22122,50161,659.03,-0.417453,144,10533
22132,50192,653.801,-0.52285,151,10657
22142,50223,642.325,-1.14756,148,10515
22152,50254,632.884,-0.944183,150,10614
22162,50286,627.435,-0.544872,146,10558
22172,50318,627.007,-0.0428183,149,10724
22182,50349,630.533,0.352611,149,10620
22192,50380,632.094,0.156084,151,10650
22202,50412,629.069,-0.302473,153,10731
22212,50444,627.73,-0.133891,150,10644
22222,50478,630.853,0.312297,174,10872
22232,50510,643.382,1.25293,230,11334
22242,50542,648.928,0.554615,288,11464
22252,50572,651.384,0.245502,352,11433
22262,50604,637.608,-1.37758,414,11482
22272,50636,631.51,-0.609793,477,11445
22282,50667,628.81,-0.269927,478,11488
22292,50698,631.331,0.25208,497,11501
22302,50730,628.731,-0.25998,479,11550
22312,50761,627.581,-0.115081,506,11402
22322,50792,627.071,-0.0509411,488,11402
22332,50824,626.846,-0.0225492,489,11408
22342,50856,626.746,-0.0099815,464,11464
22352,50887,630.417,0.367146,487,11420
22362,50918,632.043,0.162518,464,11470
22372,50954,631.035,-0.100723,483,11513
22382,50988,635.213,0.417773,487,11735
22392,51022,642.355,0.714218,483,10521
22402,51052,651.906,0.955122,414,10490
22412,51083,652.702,0.0795246,371,10527
22422,51114,641.907,-1.07949,305,10669
22432,51146,625.981,-1.59253,244,10755
22442,51178,626.363,0.0381882,165,10811
22452,51212,630.248,0.388468,180,10798
22462,51227,643.115,1.28665,149,10737
22472,51262,641.379,-0.173589,149,10909
22482,51294,651.757,1.03785,144,10626
22492,51324,648.92,-0.283719,139,10453
22502,51356,647.664,-0.125589,142,10638
22512,51388,635.961,-1.17029,144,10626
22522,51419,630.781,-0.518031,149,10564
22532,51450,632.204,0.142256,145,10577
22542,51482,629.118,-0.308594,143,10638
22552,51514,627.752,-0.1366,141,10755
22562,51546,630.863,0.311098,143,10712
22572,51578,635.955,0.509273,139,10650
22582,51610,638.21,0.225431,137,10626
22592,51640,639.207,0.099788,139,10681
22602,51672,632.218,-0.698957,141,10669
22612,51704,629.124,-0.309396,146,10650
22622,51738,627.754,-0.136955,159,10872
22632,51770,642.011,1.42563,210,11291
22642,51802,648.321,0.631062,258,11433
22652,51834,649.26,0.0939044,327,11402
22662,51866,647.525,-0.173502,383,11470
22672,51897,646.115,-0.140995,442,11470
22682,51928,643.721,-0.239484,453,11519
22692,51960,640.525,-0.319521,478,11501
22702,51991,637.929,-0.259656,479,11451
22712,52024,635.819,-0.211007,476,11488
22722,52055,636.602,0.0783398,474,11470
22732,52086,635.99,-0.0612441,473,11445
22742,52118,635.492,-0.0497695,477,11470
22752,52150,633.838,-0.165351,457,11531
22762,52182,633.744,-0.00946466,456,11519
22772,52214,634.916,0.117215,465,11513
22782,52248,635.869,0.0952536,487,11562
22792,52283,639.141,0.327219,455,10798
22802,52314,645.547,0.64063,394,10540
22812,52344,649.504,0.395696,355,10527
22822,52376,647.723,-0.178066,294,10614
22832,52411,642.529,-0.519422,226,10626
22842,52443,643.304,0.0775211,158,10743
22852,52458,646.432,0.312809,176,10761
22862,52494,646.476,0.00438905,158,10755
22872,52526,647.761,0.128473,147,10712
22882,52559,648.805,0.104402,139,10755
22892,52590,653.401,0.45956,148,10620
22902,52620,650.89,-0.251074,144,10490
22912,52652,646.351,-0.453845,144,10552
22922,52684,641.414,-0.493719,143,10564
22932,52716,638.651,-0.27631,145,10694
22942,52747,638.904,0.0252716,139,10706
22952,52780,637.86,-0.10437,134,10712
22962,52812,638.261,0.0400913,132,10712
22972,52844,638.587,0.0325798,136,10761
22982,52875,640.101,0.151382,140,10694
22992,52906,638.833,-0.126793,144,10681
23002,52938,636.553,-0.227944,144,10731
23012,52974,634.701,-0.185236,156,10897
23022,53006,639.441,0.474001,210,11408
23032,53037,644.542,0.510098,279,11464
23042,53068,647.438,0.28962,344,11494
23052,53101,638.654,-0.878464,396,11562
23062,53132,636.404,-0.225001,460,11531
23072,53164,635.105,-0.129844,474,11482
23082,53195,637.175,0.207014,475,11414
23092,53228,632.731,-0.444426,454,11476
23102,53259,635.805,0.30742,451,11464
23112,53291,634.76,-0.104538,447,11488
23122,53322,636.976,0.221618,457,11457
23132,53354,632.616,-0.435998,443,11507
23142,53386,632.919,0.030338,441,11562
23152,53418,633.094,0.0175075,458,11525
23162,53450,636.015,0.292048,477,11507
23172,53485,637.7,0.168536,473,11556
23182,53517,647.131,0.943094,470,11679
23192,53548,652.574,0.544243,494,11692
23202,53580,652.895,0.0321281,496,11679
23212,53612,644.622,-0.827295,494,11648
23222,53644,639.848,-0.477417,478,11648
23232,53676,639.912,0.00643599,496,11667
23242,53708,639.949,0.0037141,478,11704
23252,53740,639.959,0.000949535,484,11698
23262,53772,639.967,0.000771631,478,11698
23272,53802,639.973,0.000627058,506,11673
23282,53836,637.48,-0.249303,483,11722
23292,53867,637.952,0.0472188,486,11710
23302,53899,637.087,-0.0865343,480,11710
23312,53934,638.882,0.179491,496,11685
23322,53966,641.589,0.270768,451,10946
23332,54000,645.039,0.344943,385,10687
23342,54032,650.34,0.530127,343,10638
23352,54064,650.901,0.0560844,275,10669
23362,54096,651.357,0.0455765,203,10694
23372,54128,649.229,-0.212775,138,10694
23382,54160,647.5,-0.17291,153,10798
23392,54192,646.095,-0.140513,136,10774
23402,54224,643.517,-0.257749,152,10724
23412,54256,642.03,-0.148742,151,10724
23422,54288,641.171,-0.0858366,152,10743
23432,54304,640.676,-0.0495348,153,10718
23442,54340,640.39,-0.0285857,158,10922
23452,54374,651.503,1.11128,194,11217
23462,54406,663.555,1.20519,254,11316
23472,54438,670.51,0.695495,301,11433
23482,54470,663.246,-0.726422,341,11507
23492,54502,653.415,-0.983095,405,11482
23502,54534,647.741,-0.567327,441,11457
23512,54566,644.467,-0.327395,435,11531
23522,54598,642.578,-0.188934,427,11513
23532,54630,641.488,-0.10903,454,11457
23542,54662,640.859,-0.0629195,441,11494
23552,54694,640.495,-0.0363097,434,11482
23562,54730,640.286,-0.0209537,432,11544
23572,54764,651.443,1.11569,427,10731
23582,54796,663.52,1.20773,354,10626
23592,54828,670.49,0.696962,317,10681
23602,54860,663.234,-0.725576,260,10663
23612,54892,653.408,-0.982607,215,10718
23622,54924,647.737,-0.567045,144,10768
23632,54956,644.465,-0.327232,162,10755
23642,54992,642.577,-0.18884,141,10694
23652,55007,652.765,1.0188,149,10718
23662,55039,653.005,0.0240438,139,10570
23672,55074,653.144,0.0138753,141,10835
23682,55107,650.405,-0.273938,166,11174
23692,55139,657.282,0.68775,211,11100
23702,55170,661.251,0.396889,246,11137
23712,55204,652.264,-0.898743,276,11205
23722,55236,649.897,-0.236704,307,11242
23732,55268,648.531,-0.136597,325,11217
23742,55299,650.562,0.203117,326,11211
23752,55332,643.276,-0.72862,320,11266
23762,55363,641.89,-0.138529,323,11149
23772,55396,638.271,-0.361888,330,11211
23782,55430,641.822,0.355051,324,11291
23792,55464,646.69,0.486839,340,11476
23802,55498,657.958,1.12678,368,11574
23812,55531,667.28,0.932191,387,11741
23822,55562,669.84,0.256006,435,11728
23832,55594,662.859,-0.698099,474,11741
23842,55626,658.576,-0.428286,480,11722
23852,55660,653.847,-0.472949,475,11722
23862,55690,653.751,-0.0096189,490,11735
23872,55723,651.174,-0.257629,480,11790
23882,55755,650.33,-0.0844537,476,11790
23892,55791,647.145,-0.318443,476,11802
23902,55822,652.052,0.490658,460,10804
23912,55853,653.541,0.148916,390,10607
23922,55884,653.502,-0.0038911,337,10533
23932,55916,647.225,-0.627693,272,10632
23942,55948,643.373,-0.385183,212,10644
23952,55980,639.127,-0.42461,150,10675
23962,55996,639.496,0.0369103,164,10687
23972,56032,639.709,0.0213003,146,10731
23982,56064,651.11,1.14007,139,10768
23992,56097,657.689,0.657916,127,10774
24002,56130,664.305,0.661617,124,10878
24012,56166,659.665,-0.464028,125,11020
24022,56202,668.265,0.859998,159,11297
24032,56234,681.686,1.34212,220,11414
24042,56266,686.612,0.492572,269,11476
24052,56298,678.177,-0.843526,335,11464
24062,56330,662.031,-1.61456,395,11501
24072,56363,652.714,-0.931737,416,11507
24082,56396,650.156,-0.255744,400,11525
24092,56428,651.5,0.13436,416,11439
24102,56460,652.275,0.0775367,413,11488
24112,56492,649.903,-0.2372,398,11488
24122,56527,645.715,-0.418829,404,11593
24132,56560,651.756,0.604136,424,11722
24142,56592,658.062,0.630581,431,11716
24152,56624,661.701,0.363897,432,11667
24162,56659,655.343,-0.635836,425,10749
24172,56690,657.312,0.19696,363,10435
24182,56722,655.63,-0.168283,303,10583
24192,56754,654.658,-0.0971131,239,10694
24202,56786,645.64,-0.901877,189,10687
24212,56818,643.255,-0.238513,125,10700
24222,56851,641.878,-0.137641,142,10755
24232,56867,643.903,0.202515,140,10731
24242,56903,645.072,0.116868,135,10774
24252,56936,657.024,1.19522,128,10774
24262,56972,663.922,0.689742,130,10922
24272,57004,679.18,1.52582,156,11217
24282,57036,675.51,-0.366989,188,11149
24292,57068,669.959,-0.5551,232,11156
24302,57100,651.153,-1.88055,261,11205
24312,57133,644.152,-0.70011,290,11254
24322,57166,645.731,0.157831,292,11236
24332,57198,650.503,0.477232,306,11223
24342,57234,652.28,0.177669,301,11408
24352,57266,665.495,1.32157,330,11501
24362,57302,666.231,0.0735308,359,11550
24372,57334,683.243,1.70127,390,11685
24382,57366,672.838,-1.04053,406,11704
24392,57398,668.964,-0.387378,440,11704
24402,57430,650.783,-1.81811,441,11728
24412,57462,644.014,-0.676864,444,11673
24422,57495,641.495,-0.251989,441,11704
24432,57527,644.741,0.324661,463,11728
24442,57560,645.95,0.120868,437,11741
24452,57592,650.585,0.463472,438,11716
24462,57625,648.125,-0.245928,447,11722
24472,57660,651.394,0.326917,463,11704
24482,57693,659.906,0.851193,411,11057
24492,57724,667.39,0.748348,354,10650
24502,57756,663.271,-0.41187,305,10675
24512,57788,650.301,-1.29701,247,10675
24522,57821,640.844,-0.94569,179,10749
24532,57837,644.089,0.324516,143,10731
24542,57872,645.526,0.143648,137,10718
24552,57905,657.309,1.17828,133,10687
24562,57938,662.524,0.521569,133,10835
24572,57970,668.549,0.602439,129,10792
24582,58002,660.068,-0.848021,130,10829
24592,58035,652.599,-0.746944,130,10774
24602,58068,649.293,-0.330637,130,10761
24612,58104,651.545,0.225207,136,10922
24622,58136,667.404,1.58595,175,11149
24632,58168,668.515,0.111088,207,11242
24642,58200,668.169,-0.0346312,237,11273
24652,58234,662.891,-0.527768,270,11236
24662,58265,661.1,-0.179073,308,11180
24672,58298,658.396,-0.270428,306,11291
24682,58330,657.448,-0.0948547,304,11254
24692,58362,654.179,-0.326895,306,11248
24702,58394,652.771,-0.140742,311,11193
24712,58427,650.378,-0.239279,308,11236
24722,58460,649.683,-0.0695416,308,11242
24732,58492,650.367,0.0683939,311,11242
24742,58528,650.923,0.0555796,311,11359
24752,58561,655.122,0.419885,323,11476
24762,58596,658.534,0.341216,356,11550
24772,58628,665.054,0.652004,382,11728
24782,58662,665.736,0.0682149,389,11728
24792,58694,668.949,0.321311,423,11722
24802,58726,662.345,-0.660412,446,11790
24812,58758,658.534,-0.381112,452,11722
24822,58791,650.695,-0.783823,426,11698
24832,58823,648.992,-0.170386,442,11655
24842,58856,648.008,-0.0983266,435,11673
24852,58888,650.26,0.225203,430,11722
24862,58921,648.741,-0.151985,411,11735
24872,58953,650.683,0.194237,432,11716
24882,58990,648.984,-0.169854,422,11728
24892,59006,662.101,1.31171,436,11728
24902,59040,666.852,0.475017,363,10392
24912,59072,675.232,0.838014,317,10749
24922,59104,665.971,-0.926122,256,10626
24932,59136,660.626,-0.534449,200,10724
24942,59169,651.903,-0.872311,137,10675
24952,59202,649.688,-0.22145,131,10823
24962,59234,651.23,0.15415,126,10780
24972,59268,652.119,0.0889572,126,10854
24982,59304,655.452,0.333281,129,11069
24992,59337,665.834,1.03817,160,11236
25002,59372,674.644,0.881052,200,11322
25012,59406,682.548,0.790385,242,11488
25022,59438,681.128,-0.14203,286,11488
25032,59470,676.784,-0.434434,342,11464
25042,59502,663.714,-1.307,362,11494
25052,59536,650.497,-1.32168,373,11507
25062,59568,652.078,0.158084,381,11488
25072,59600,652.778,0.0699766,379,11494
25082,59633,653.087,0.0309754,376,11470
25092,59666,649.509,-0.357853,370,11488
25102,59698,651.64,0.213159,375,11476
25112,59735,652.584,0.0943558,368,11611
25122,59767,667.864,1.52802,386,11698
25132,59802,670.912,0.304821,370,10774
25142,59833,683.409,1.24962,325,10632
25152,59865,666.646,-1.67624,297,10669
25162,59897,659.226,-0.741992,253,10718
25172,59913,644.795,-1.44314,222,10774
25182,59949,642.123,-0.267246,158,10552
25192,59985,655.802,1.36796,153,10903
25202,60022,676.72,2.09179,169,11328
25212,60056,704.558,2.78376,193,11562
25222,60090,709.449,0.489112,212,11642
25232,60122,703.518,-0.593107,259,11507
25242,60154,680.386,-2.31318,318,11439
25252,60187,663.405,-1.69812,333,11513
25262,60220,652.898,-1.05067,344,11525
25272,60252,653.171,0.0273225,371,11519
25282,60285,653.273,0.0101719,380,11538
25292,60318,653.311,0.00378688,368,11494
25302,60354,653.325,0.00140982,366,11556
25312,60386,670.069,1.67442,380,11661
25322,60422,672.118,0.204895,380,11685
25332,60455,685.435,1.3317,360,11112
25342,60487,677.839,-0.759643,307,10718
25352,60518,675.011,-0.282807,284,10724
25362,60551,653.034,-2.19766,226,10669
25372,60584,644.852,-0.818163,182,10700
25382,60600,645.991,0.11388,147,10650
25392,60634,650.6,0.46087,140,10718
25402,60668,656.5,0.590051,131,10774
25412,60704,662.882,0.638143,130,11020
25422,60738,681.997,1.91147,149,11248
25432,60772,689.113,0.711619,165,11365
25442,60804,691.762,0.264928,186,11322
25452,60836,676.009,-1.57527,230,11174
25462,60868,661.775,-1.4234,266,11254
25472,60902,649.639,-1.21364,273,11303
25482,60936,651.698,0.205905,274,11328
25492,60967,660.041,0.834273,300,11186
25502,61000,660.018,-0.0022704,288,11217
25512,61032,656.292,-0.372569,283,11291
25522,61066,647.212,-0.908048,269,11310
25532,61101,654.339,0.712743,298,11316
25542,61134,664.926,1.05863,313,11519
25552,61166,673.327,0.840169,326,11581
25562,61200,669.615,-0.371225,327,11574
25572,61232,664.256,-0.535888,366,11519
25582,61264,658.168,-0.608777,383,11550
25592,61298,657.262,-0.0905883,362,11531
25602,61331,656.526,-0.0736158,347,11513
25612,61363,657.177,0.0650831,370,11507
25622,61396,657.706,0.0528891,366,11519
25632,61428,656.887,-0.0819264,353,11507
25642,61461,654.972,-0.191483,362,11513
25652,61494,654.665,-0.0307006,373,11550
25662,61527,654.415,-0.0249485,359,11538
25672,61563,655.462,0.104632,362,11513
25682,61598,660.059,0.459747,382,11661
25692,61616,666.293,0.623421,382,11722
25702,61652,675.107,0.881336,314,10681
25712,61684,696.412,2.13054,281,10897
25722,61716,694.696,-0.171601,244,10712
25732,61748,679.074,-1.56222,188,10731
25742,61780,657.296,-2.17778,138,10829
25752,61814,647.656,-0.964001,130,10780
25762,61846,651.22,0.356357,134,10854
25772,61880,652.546,0.132668,128,10866
25782,61919,661.41,0.886338,130,11082
25792,61953,685.633,2.42234,157,11433
25802,61986,703.021,1.73876,196,11562
25812,62018,705.309,0.228848,243,11531
25822,62050,676.868,-2.84412,297,11445
25832,62084,657.91,-1.89578,350,11544
25842,62117,655.037,-0.287306,353,11568
25852,62150,658.152,0.311513,362,11525
25862,62182,663.497,0.534447,364,11464
25872,62214,657.117,-0.637979,362,11482
25882,62252,650.557,-0.655987,350,11587
25892,62284,669.039,1.84815,361,11698
25902,62320,675.919,0.688047,369,10700
25912,62350,695.22,1.93005,314,10533
25922,62382,668.927,-2.62925,277,10650
25932,62414,659.139,-0.978843,246,10724
25942,62447,638.756,-2.03831,205,10712
25952,62478,643.721,0.496581,137,10792
25962,62512,642.148,-0.157388,155,10804
25972,62544,646.878,0.473064,128,10835
25982,62561,646.789,-0.00894811,133,10835
25992,62598,655.195,0.840671,121,10792
26002,62634,668.505,1.33097,121,11051
26012,62668,687.464,1.89586,138,11303
26022,62702,698.404,1.09407,157,11427
26032,62736,695.578,-0.282639,169,11451
26042,62770,686.896,-0.86824,184,11408
26052,62802,683.052,-0.384329,237,11149
26062,62834,673.92,-0.913253,249,11230
26072,62866,662.446,-1.14738,263,11328
26082,62900,649.936,-1.25102,268,11347
26092,62934,651.829,0.189359,285,11402
26102,62967,660.099,0.826949,262,11334
26112,63000,667.475,0.737616,256,11291
26122,63032,667.025,-0.0450559,251,11291
26132,63066,659.394,-0.763073,265,11266
26142,63098,659.732,0.0337875,269,11291
26152,63134,656.166,-0.356608,277,11359
26162,63168,669.45,1.3284,288,11562
26172,63200,675.33,0.588022,313,11519
26182,63232,677.933,0.26029,324,11525
26192,63266,664.222,-1.37104,339,11550
26202,63299,658.153,-0.606895,350,11581
26212,63332,659.183,0.10292,359,11519
26222,63364,663.354,0.417122,345,11531
26232,63397,659.116,-0.423784,350,11531
26242,63430,656.67,-0.244558,352,11538
26252,63464,655.259,-0.14113,347,11562
26262,63496,660.084,0.482446,338,11519
26272,63532,660.048,-0.00353375,354,11562
26282,63565,668.486,0.843796,365,11698
26292,63602,670.536,0.204995,336,11045
26302,63634,685.816,1.52802,292,10743
26312,63666,683.357,-0.245984,262,10749
26322,63699,679.118,-0.423898,210,10737
26332,63732,673.038,-0.607997,157,10761
26342,63764,669.346,-0.369177,113,10835
26352,63797,666.346,-0.300008,130,10804
26362,63830,659.093,-0.72524,120,10848
26372,63846,655.883,-0.32103,126,10841
26382,63882,654.462,-0.142105,120,10792
26392,63916,664.98,1.05179,119,10872
26402,63952,673.351,0.837143,119,11063
26412,63986,691.919,1.85682,141,11273
26422,64019,692.707,0.0787998,156,11316
26432,64053,689.341,-0.336683,179,11334
26442,64084,680.419,-0.892163,214,11205
26452,64118,665.323,-1.50961,245,11242
26462,64150,662.356,-0.296671,242,11279
26472,64184,653.612,-0.874451,252,11334
26482,64216,660.888,0.727614,262,11273
26492,64250,656.677,-0.421048,258,11310
26502,64286,662.245,0.55675,262,11457
26512,64323,672.141,0.989576,285,11587
26522,64355,695.099,2.29586,317,11698
26532,64388,697.831,0.273142,333,11741
26542,64421,687.893,-0.993786,360,11728
26552,64454,668.631,-1.92616,380,11704
26562,64487,663.821,-0.481057,393,11685
26572,64520,661.691,-0.212942,381,11692
26582,64554,660.749,-0.0942593,374,11698
26592,64586,664.047,0.32984,373,11692
26602,64619,661.791,-0.225559,374,11685
26612,64652,660.793,-0.0998447,373,11741
26622,64688,656.635,-0.415761,373,11741
26632,64704,669.658,1.30222,381,11784
26642,64740,671.706,0.204868,321,10564
26652,64776,683.76,1.20538,280,10854
26662,64810,689.096,0.533565,253,11193
26672,64842,698.889,0.979313,231,11328
26682,64876,688.361,-1.05276,195,11340
26692,64912,676.27,-1.20914,224,11359
26702,64949,678.349,0.2079,269,11550
26712,64982,697.847,1.94985,287,11667
26722,65016,702.763,0.491543,307,11741
26732,65048,697.507,-0.525545,350,11809
26742,65082,676.603,-2.09046,368,11790
26752,65114,671.065,-0.553783,385,11753
26762,65148,661.182,-0.988263,375,11784
26772,65180,664.239,0.305671,399,11722
26782,65213,659.627,-0.461219,384,11741
26792,65246,659.785,0.0157837,380,11716
26802,65280,657.056,-0.272837,370,11698
26812,65296,661.121,0.406441,376,11722
26822,65332,660.647,-0.0473951,376,11667
26832,65365,668.832,0.818484,307,10644
26842,65401,670.735,0.190388,263,10804
26852,65434,683.112,1.23765,272,11593
26862,65468,681.796,-0.131609,204,10743
26872,65500,683.856,0.205996,155,10811
26882,65533,673.767,-1.0089,145,10712
26892,65566,667.945,-0.582221,154,10922
26902,65599,661.765,-0.617934,116,10823
26912,65636,661.019,-0.074654,117,11039
26922,65670,671.866,1.0847,146,11273
26932,65703,680.945,0.907906,169,11347
26942,65736,686.184,0.523936,185,11402
26952,65769,677.93,-0.825426,227,11242
26962,65801,670.347,-0.758284,258,11223
26972,65834,663.152,-0.719537,262,11322
26982,65868,658.999,-0.415232,258,11420
26992,65901,659.423,0.0423218,271,11273
27002,65934,662.486,0.306368,265,11217
27012,65966,664.254,0.1768,259,11303
27022,66000,659.636,-0.461862,253,11347
27032,66034,659.79,0.0154126,253,11347
27042,66066,662.698,0.290839,254,11279
27052,66100,664.376,0.167838,247,11279
27062,66133,665.345,0.0968565,244,11310
27072,66166,663.085,-0.226051,246,11310
27082,66202,664.599,0.151495,258,11414
27092,66236,671.113,0.651315,272,11568
27102,66269,677.691,0.657808,290,11568
27112,66302,679.372,0.168173,303,11550
27122,66338,676.992,-0.238054,319,11587
27132,66372,678.264,0.127218,335,11679
27142,66404,681.818,0.35536,350,11685
27152,66438,681.049,-0.0768728,345,11747
27162,66471,674.966,-0.608252,347,11796
27172,66504,668.637,-0.632957,367,11710
27182,66536,667.804,-0.0833231,384,11735
27192,66570,661.684,-0.611974,374,11710
27202,66587,660.972,-0.0712146,366,11716
27212,66624,663.38,0.240848,370,11796
27222,66656,678.867,1.54871,311,10367
27232,66688,682.166,0.329846,272,10804
27242,66722,678.43,-0.373542,225,10755
27252,66756,667.816,-1.0614,202,10909
27262,66788,667.33,-0.0486249,175,11094
27272,66822,667.05,-0.0280606,172,11168
27282,66856,666.888,-0.0161933,165,11193
27292,66891,666.794,-0.00934486,161,11248
27302,66925,675.199,0.840442,145,11217
27312,66959,680.049,0.485005,139,11156
27322,66991,682.848,0.279888,149,10940
27332,67024,676.004,-0.684317,162,11014
27342,67058,669.236,-0.676852,168,11082
27352,67094,665.33,-0.3906,180,11230
27362,67128,677.222,1.1892,192,11340
27372,67162,686.202,0.897968,198,11347
27382,67194,690.176,0.397489,207,11260
27392,67228,677.073,-1.31031,224,11322
27402,67260,671.273,-0.580012,237,11334
27412,67294,661.274,-0.999873,243,11322
27422,67327,664.28,0.300531,244,11254
27432,67360,661.894,-0.238533,246,11291
27442,67393,664.554,0.265977,242,11273
27452,67426,662.016,-0.253829,246,11347
27462,67460,660.892,-0.112358,247,11322
27472,67493,664.111,0.321829,246,11322
27482,67526,665.535,0.142459,237,11310
27492,67564,666.166,0.0630598,246,11464
27502,67599,681.308,1.51417,272,11568
27512,67632,695.441,1.41338,292,11685
27522,67666,701.698,0.625638,301,11735
27532,67699,689.605,-1.20932,323,11704
27542,67732,676.82,-1.27844,355,11673
27552,67765,671.161,-0.565904,351,11698
27562,67799,664.941,-0.622064,331,11728
27572,67832,665.903,0.0962056,340,11704
27582,67866,666.328,0.0425857,353,11698
27592,67882,669.291,0.296249,352,11747
27602,67918,665.362,-0.39293,332,11698
27612,67951,671.552,0.619082,281,10644
27622,67984,672.306,0.0753164,246,10657
27632,68016,675.56,0.325409,204,10743
27642,68050,666.16,-0.939992,154,10687
27652,68085,663.555,-0.260508,118,10823
27662,68119,667.69,0.413555,124,11032
27672,68152,675.716,0.802546,139,11168
27682,68186,677.528,0.18119,144,11217
27692,68220,675.754,-0.177384,150,11236
27702,68258,674.73,-0.102365,157,11291
27712,68294,688.237,1.35065,178,11414
27722,68328,701.67,1.34333,208,11507
27732,68360,709.422,0.775211,244,11531
27742,68394,696.979,-1.24431,268,11574
27752,68428,684.159,-1.28196,297,11593
27762,68461,676.761,-0.739796,318,11568
27772,68494,676.119,-0.0642278,324,11513
27782,68528,674.348,-0.1771,309,11550
27792,68560,672.909,-0.143919,316,11544
27802,68594,670.49,-0.241861,322,11581
27812,68627,669.774,-0.0716395,325,11513
27822,68664,667.943,-0.183123,314,11599
27832,68698,672.7,0.475718,328,11679
27842,68732,676.566,0.386587,326,11716
27852,68764,680.956,0.439063,335,11698
27862,68781,678.279,-0.267731,337,11685
27872,68817,676.103,-0.217569,346,11741
27882,68850,677.751,0.164796,293,10638
27892,68884,681.522,0.377046,248,10669
27902,68916,683.698,0.217586,207,10768
27912,68952,673.675,-1.00221,166,10811
27922,68989,676.35,0.267475,134,11168
27932,69022,686.352,1.00019,148,11334
27942,69060,694.944,0.859137,177,11488
27952,69094,705.54,1.05968,205,11593
27962,69128,703.197,-0.234311,235,11550
27972,69160,704.665,0.146728,266,11501
27982,69194,688.595,-1.607,281,11562
27992,69228,679.321,-0.927369,298,11581
28002,69261,673.969,-0.535168,304,11550
28012,69294,673.57,-0.039913,319,11574
28022,69328,669.237,-0.433333,306,11599
28032,69364,667.623,-0.161325,305,11581
28042,69398,679.577,1.19536,313,11741
28052,69414,688.212,0.863494,325,11858
28062,69450,683.057,-0.515478,277,10540
28072,69484,681.138,-0.191907,247,10885
28082,69516,680.424,-0.0714449,213,10817
28092,69549,680.158,-0.0265982,177,10780
28102,69582,667.505,-1.26532,125,10706
28112,69615,658.609,-0.88954,122,10835
28122,69648,659.482,0.0873076,117,10731
28132,69684,659.807,0.0325037,115,10854
28142,69718,672.482,1.26752,125,11069
28152,69756,681.386,0.890359,139,11254
28162,69789,705.624,2.42384,151,11445
28172,69824,702.094,-0.353052,166,11464
28182,69858,704.964,0.287036,182,11445
28192,69890,689.294,-1.56703,198,11248
28202,69924,679.275,-1.00186,216,11260
28212,69957,672.248,-0.702737,221,11347
28222,69991,665.422,-0.682634,225,11427
28232,70025,669.831,0.440959,236,11359
28242,70058,671.783,0.195192,227,11340
28252,70094,672.647,0.0864024,236,11396
28262,70128,680.461,0.781375,257,11501
28272,70161,683.92,0.345878,274,11550
28282,70195,685.451,0.153104,281,11599
28292,70228,678.697,-0.675357,295,11581
28302,70262,671.992,-0.670513,307,11556
28312,70296,672.74,0.0747593,296,11605
28322,70329,673.071,0.0330925,293,11630
28332,70362,673.217,0.0146485,308,11519
28342,70394,669.566,-0.36508,314,11544
28352,70428,660.519,-0.904733,309,11587
28362,70462,660.23,-0.0289187,308,11593
28372,70495,661.436,0.120603,309,11525
28382,70528,663.665,0.222913,302,11538
28392,70562,664.227,0.0562421,295,11574
28402,70596,664.684,0.0457046,294,11562
28412,70630,666.305,0.162048,298,11550
28422,70666,668.871,0.256593,297,11618
28432,70700,673.454,0.45833,305,11667
28442,70716,677.179,0.372458,314,11661
28452,70751,677.707,0.0528618,274,10490
28462,70784,676.888,-0.0819486,246,10792
28472,70816,674.973,-0.191501,211,10694
28482,70849,673.416,-0.155621,174,10768
28492,70882,669.654,-0.376277,125,10780
28502,70915,666.596,-0.305778,119,10786
28512,70948,665.36,-0.123581,116,10792
28522,70984,664.356,-0.100427,111,10872
28532,71018,667.287,0.293107,121,11094
28542,71052,670.918,0.363097,127,11143
28552,71090,675.118,0.419974,135,11285
28562,71124,692.701,1.75837,147,11445
28572,71159,700.485,0.77835,161,11494
28582,71194,707.646,0.716104,156,11513
28592,71228,699.669,-0.797707,164,11464
28602,71260,696.138,-0.353108,187,11273
28612,71294,683.428,-1.271,203,11303
28622,71328,674.086,-0.934176,209,11402
28632,71361,669.951,-0.413516,222,11334
28642,71394,671.836,0.18852,227,11316
28652,71428,668.955,-0.288115,219,11359
28662,71464,667.68,-0.127535,228,11464
28672,71498,678.262,1.05824,250,11599
28682,71535,686.662,0.839998,262,11624
28692,71569,701.527,1.48652,287,11685
28702,71602,700.676,-0.085115,308,11698
28712,71636,696.584,-0.409241,319,11710
28722,71668,683.625,-1.29584,316,11710
28732,71703,670.458,-1.31674,322,11722
28742,71736,672.06,0.16027,320,11716
28752,71770,669.054,-0.30062,319,11784
28762,71786,675.155,0.610058,326,11784
28772,71822,666.708,-0.844649,340,11802
28782,71856,674.116,0.740806,286,10749
28792,71889,677.396,0.327921,241,10540
28802,71922,682.563,0.516719,211,10897
28812,71956,673.703,-0.885965,154,10657
28822,71988,669.781,-0.392176,109,10835
28832,72024,664.33,-0.545162,103,10854
28842,72058,673.064,0.873375,120,11045
28852,72092,676.93,0.386603,126,11149
28862,72126,686.072,0.91426,133,11193
28872,72164,682.688,-0.338428,142,11347
28882,72198,696.052,1.33645,157,11445
28892,72232,701.968,0.591585,169,11402
28902,72264,704.587,0.261867,192,11291
28912,72298,683.452,-2.11347,215,11328
28922,72332,674.097,-0.935535,227,11334
28932,72366,669.956,-0.414118,234,11439
28942,72399,675.554,0.559818,230,11328
28952,72432,674.615,-0.093909,227,11340
28962,72466,671.253,-0.336138,218,11414
28972,72500,669.314,-0.193979,217,11408
28982,72532,671.014,0.170003,230,11266
28992,72565,669.175,-0.183839,243,11297
29002,72599,665.295,-0.388036,235,11359
29012,72633,663.056,-0.223928,232,11433
29022,72667,667.402,0.434665,232,11464
29032,72704,672.73,0.532783,234,11494
29042,72738,684.263,1.15329,246,11531
29052,72771,690.918,0.665546,261,11599
29062,72804,691.94,0.10213,276,11630
29072,72838,681.251,-1.06884,292,11593
29082,72871,675.083,-0.61681,307,11550
29092,72904,671.524,-0.35595,310,11581
29102,72939,669.47,-0.205413,295,11611
29112,72972,671.104,0.163405,292,11593
29122,73005,672.047,0.0942981,304,11525
29132,73038,672.591,0.0544178,301,11525
29142,73072,667.266,-0.532487,285,11562
29152,73106,667.012,-0.0253436,284,11593
29162,73140,669.686,0.26732,298,11531
29172,73172,674.048,0.436211,297,11574
29182,73206,670.926,-0.312161,284,11630
29192,73240,669.125,-0.180142,286,11624
29202,73278,668.085,-0.103957,303,11605
29212,73311,684.402,1.63168,308,11685
29222,73328,690.999,0.659668,304,11698
29232,73364,694.805,0.380683,250,10724
29242,73398,691.363,-0.344205,221,10860
29252,73430,692.197,0.0833105,191,10817
29262,73464,687.038,-0.515813,147,10798
29272,73496,678.423,-0.861557,108,10792
29282,73530,667.812,-1.06108,105,10786
29292,73562,667.328,-0.0484401,107,10804
29302,73603,661.409,-0.591844,114,11051
29312,73636,683.369,2.19596,138,11297
29322,73671,693.222,0.985306,154,11414
29332,73706,707.366,1.41444,170,11476
29342,73740,695.829,-1.15369,181,11507
29352,73774,694.438,-0.139119,195,11494
29362,73808,690.107,-0.433146,190,11334
29372,73840,684.474,-0.563298,202,11303
29382,73874,674.549,-0.992474,204,11340
29392,73908,670.156,-0.439322,212,11408
29402,73942,668.211,-0.194468,215,11408
29412,73974,674.782,0.657047,227,11316
29422,74009,670.259,-0.452285,215,11359
29432,74046,671.972,0.171359,223,11464
29442,74080,683.878,1.19055,235,11568
29452,74114,696.579,1.27013,255,11581
29462,74148,698.486,0.190662,253,11599
29472,74184,688.183,-1.0303,274,11581
29482,74218,691.053,0.287065,295,11698
29492,74251,692.324,0.12707,305,11796
29502,74285,689.171,-0.315316,306,11802
29512,74318,680.344,-0.882705,326,11704
29522,74352,672.721,-0.762297,324,11722
29532,74386,673.062,0.0341311,319,11735
29542,74419,673.177,0.0114642,318,11716
29552,74452,673.243,0.0066158,328,11710
29562,74470,670.462,-0.278127,322,11704
29572,74506,674.496,0.403388,309,11802
29582,74540,685.282,1.07862,260,10712
29592,74573,694.326,0.9044,235,10835
29602,74606,691.087,-0.323922,187,10712
29612,74642,680.759,-1.03276,151,10866
29622,74675,680.438,-0.0321004,127,11026
29632,74708,680.253,-0.0185246,132,11149
29642,74742,680.146,-0.0106902,136,11168
29652,74777,674.445,-0.570059,141,11230
29662,74811,676.794,0.234919,141,11230
29672,74849,680.97,0.417513,135,11359
29682,74884,687.033,0.606365,141,11439
29692,74916,691.961,0.492757,170,11273
29702,74950,693.467,0.150622,187,11291
29712,74983,689.695,-0.377224,208,11340
29722,75018,684.131,-0.55636,217,11402
29732,75052,683.357,-0.0774018,220,11451
29742,75085,682.728,-0.0628999,204,11396
29752,75118,682.217,-0.051115,209,11310
29762,75152,679.304,-0.291351,209,11396
29772,75186,676.936,-0.236763,215,11420
29782,75220,676.261,-0.0674973,218,11408
29792,75252,676.961,0.0700552,231,11322
29802,75286,675.033,-0.192883,222,11340
29812,75320,673.465,-0.156744,218,11414
29822,75355,672.191,-0.127377,212,11451
29832,75391,674.904,0.271207,229,11488
29842,75425,679.606,0.470206,237,11605
29852,75462,683.427,0.382109,247,11624
29862,75496,689.03,0.56033,265,11692
29872,75528,693.669,0.463943,303,11735
29882,75562,690.708,-0.296157,320,11796
29892,75596,680.54,-1.01674,313,11747
29902,75630,674.673,-0.586744,308,11790
29912,75664,676.926,0.22529,323,11710
29922,75697,678.226,0.130011,305,11722
29932,75714,676.157,-0.206918,303,11802
29942,75752,674.963,-0.119409,291,11716
29952,75788,685.551,1.05887,269,10940
29962,75820,700.12,1.45689,247,11002
29972,75854,702.889,0.276856,219,11143
29982,75888,693.209,-0.968011,190,11205
29992,75922,681.984,-1.12251,168,11199
